productid,bigcategory,subcaregory,productname,price
OFF-BI-10000773,Office Supplies,Binders,Insertable Tab Post Binder Dividers,34.53
OFF-BI-10000778,Office Supplies,Binders,GBC VeloBinder Electric Binding Machine,38.53
OFF-BI-10000822,Office Supplies,Binders,"Acco PRESSTEX Data Binder with Storage Hooks, Light Blue, 9 1/2 X 11",67.53
OFF-BI-10000829,Office Supplies,Binders,Avery Non-Stick Binders,22.53
OFF-BI-10000831,Office Supplies,Binders,Storex Flexible Poly Binders with Double Pockets,47.53
OFF-BI-10000848,Office Supplies,Binders,Angle-D Ring Binders,19.53
OFF-BI-10000948,Office Supplies,Binders,"GBC Laser Imprintable Binding System Covers, Desert Sand",55.53
OFF-BI-10000962,Office Supplies,Binders,"Acco Flexible ACCOHIDE Square Ring Data Binder, Dark Blue, 11 1/2 X 14 7/8",73.53
OFF-BI-10000977,Office Supplies,Binders,Ibico Plastic Spiral Binding Combs,33.53
OFF-BI-10001031,Office Supplies,Binders,Pressboard Data Binders by Wilson Jones,38.53
OFF-BI-10001036,Office Supplies,Binders,Cardinal EasyOpen D-Ring Binders,31.53
OFF-BI-10001071,Office Supplies,Binders,GBC ProClick Punch Binding System,32.53
OFF-BI-10001072,Office Supplies,Binders,"GBC Clear Cover, 8-1/2 x 11, unpunched, 25 covers per pack",57.53
OFF-BI-10001078,Office Supplies,Binders,"Acco PRESSTEX Data Binder with Storage Hooks, Dark Blue, 14 7/8 X 11",67.53
OFF-BI-10001097,Office Supplies,Binders,Avery Hole Reinforcements,24.53
OFF-BI-10001098,Office Supplies,Binders,Acco D-Ring Binder w/DublLock,28.53
OFF-BI-10001107,Office Supplies,Binders,"GBC White Gloss Covers, Plain Front",34.53
OFF-BI-10001116,Office Supplies,Binders,Wilson Jones 1 Hanging DublLock Ring Binders,43.53
OFF-BI-10001120,Office Supplies,Binders,Ibico EPK-21 Electric Binding System,35.53
OFF-BI-10001132,Office Supplies,Binders,"Acco PRESSTEX Data Binder with Storage Hooks, Dark Blue, 9 1/2 X 11",66.53
OFF-BI-10001153,Office Supplies,Binders,Ibico Recycled Grain-Textured Covers,35.53
OFF-BI-10001191,Office Supplies,Binders,Canvas Sectional Post Binders,28.53
OFF-BI-10001196,Office Supplies,Binders,"Avery Flip-Chart Easel Binder, Black",35.53
OFF-BI-10001249,Office Supplies,Binders,Avery Heavy-Duty EZD View Binder with Locking Rings,50.53
OFF-BI-10001267,Office Supplies,Binders,"Universal Recycled Hanging Pressboard Report Binders, Letter Size",64.53
OFF-BI-10001294,Office Supplies,Binders,Fellowes Binding Cases,21.53
OFF-BI-10001308,Office Supplies,Binders,GBC Standard Plastic Binding Systems Combs,41.53
OFF-BI-10001359,Office Supplies,Binders,GBC DocuBind TL300 Electric Binding System,41.53
OFF-BI-10001460,Office Supplies,Binders,Plastic Binding Combs,20.53
OFF-BI-10001510,Office Supplies,Binders,Deluxe Heavy-Duty Vinyl Round Ring Binder,40.53
OFF-BI-10001524,Office Supplies,Binders,GBC Premium Transparent Covers with Diagonal Lined Pattern,57.53
OFF-BI-10001525,Office Supplies,Binders,"Acco Pressboard Covers with Storage Hooks, 14 7/8 x 11, Executive Red",68.53
OFF-BI-10001543,Office Supplies,Binders,GBC VeloBinder Manual Binding System,35.53
OFF-BI-10001553,Office Supplies,Binders,SpineVue Locking Slant-D Ring Binders by Cardinal,48.53
OFF-BI-10001575,Office Supplies,Binders,GBC Linen Binding Covers,23.53
OFF-BI-10001597,Office Supplies,Binders,"Wilson Jones Ledger-Size, Piano-Hinge Binder, 2, Blue",52.53
OFF-BI-10001617,Office Supplies,Binders,GBC Wire Binding Combs,21.53
OFF-BI-10001628,Office Supplies,Binders,"Acco Data Flex Cable Posts For Top & Bottom Load Binders, 6 Capacity",67.53
OFF-BI-10001634,Office Supplies,Binders,Wilson Jones Active Use Binders,30.53
OFF-BI-10001636,Office Supplies,Binders,Ibico Plastic and Wire Spiral Binding Combs,42.53
OFF-BI-10001658,Office Supplies,Binders,GBC Standard Therm-A-Bind Covers,31.53
OFF-BI-10001670,Office Supplies,Binders,Vinyl Sectional Post Binders,27.53
OFF-BI-10001679,Office Supplies,Binders,GBC Instant Index System for Binding Systems,43.53
OFF-BI-10001718,Office Supplies,Binders,GBC DocuBind P50 Personal Binding Machine,40.53
OFF-BI-10001721,Office Supplies,Binders,Trimflex Flexible Post Binders,29.53
OFF-BI-10001757,Office Supplies,Binders,Pressboard Hanging Data Binders for Unburst Sheets,49.53
OFF-BI-10001758,Office Supplies,Binders,Wilson Jones 14 Line Acrylic Coated Pressboard Data Binders,58.53
OFF-BI-10001759,Office Supplies,Binders,"Acco Pressboard Covers with Storage Hooks, 14 7/8 x 11, Dark Blue",64.53
OFF-BI-10001765,Office Supplies,Binders,Wilson Jones Heavy-Duty Casebound Ring Binders with Metal Hinges,63.53
OFF-BI-10001787,Office Supplies,Binders,Wilson Jones Four-Pocket Poly Binders,36.53
OFF-BI-10001890,Office Supplies,Binders,Avery Poly Binder Pockets,24.53
OFF-BI-10001900,Office Supplies,Binders,"DXL Angle-View Binders with Locking Rings, Black",47.53
OFF-BI-10001922,Office Supplies,Binders,Storex Dura Pro Binders,22.53
OFF-BI-10001982,Office Supplies,Binders,Wilson Jones Custom Binder Spines & Labels,41.53
OFF-BI-10001989,Office Supplies,Binders,Premium Transparent Presentation Covers by GBC,45.53
OFF-BI-10002003,Office Supplies,Binders,Ibico Presentation Index for Binding Systems,43.53
OFF-BI-10002012,Office Supplies,Binders,Wilson Jones Easy Flow II Sheet Lifters,38.53
OFF-BI-10002026,Office Supplies,Binders,Avery Arch Ring Binders,22.53
OFF-BI-10002049,Office Supplies,Binders,UniKeep View Case Binders,24.53
OFF-BI-10002071,Office Supplies,Binders,Fellowes Black Plastic Comb Bindings,35.53
OFF-BI-10002072,Office Supplies,Binders,Cardinal Slant-D Ring Binders,28.53
OFF-BI-10002082,Office Supplies,Binders,GBC Twin Loop Wire Binding Elements,34.53
OFF-BI-10002103,Office Supplies,Binders,"Cardinal Slant-D Ring Binder, Heavy Gauge Vinyl",46.53
OFF-BI-10002133,Office Supplies,Binders,"Wilson Jones Elliptical Ring 3 1/2 Capacity Binders, 800 sheets",62.53
OFF-BI-10002160,Office Supplies,Binders,Acco Hanging Data Binders,24.53
OFF-BI-10002194,Office Supplies,Binders,Cardinal Hold-It CD Pocket,25.53
OFF-BI-10002215,Office Supplies,Binders,"Wilson Jones Hanging View Binder, White, 1",41.53
OFF-BI-10002225,Office Supplies,Binders,"Square Ring Data Binders, Rigid 75 Pt. Covers, 11 x 14-7/8",57.53
OFF-BI-10002309,Office Supplies,Binders,Avery Heavy-Duty EZD  Binder With Locking Rings,46.53
OFF-BI-10002353,Office Supplies,Binders,GBC VeloBind Cover Sets,22.53
OFF-BI-10002393,Office Supplies,Binders,Binder Posts,11.53
OFF-BI-10002412,Office Supplies,Binders,Wilson Jones “Snap” Scratch Pad Binder Tool for Ring Binders,59.53
OFF-BI-10002414,Office Supplies,Binders,GBC ProClick Spines for 32-Hole Punch,36.53
OFF-BI-10002429,Office Supplies,Binders,"Premier Elliptical Ring Binder, Black",36.53
OFF-BI-10002432,Office Supplies,Binders,Wilson Jones Standard D-Ring Binders,35.53
OFF-BI-10002437,Office Supplies,Binders,Recycled Premium Regency Composition Covers,42.53
OFF-BI-10002498,Office Supplies,Binders,Clear Mylar Reinforcing Strips,29.53
OFF-BI-10002557,Office Supplies,Binders,Presstex Flexible Ring Binders,29.53
OFF-BI-10002571,Office Supplies,Binders,"Avery Framed View Binder, EZD Ring (Locking), Navy, 1 1/2",56.53
OFF-BI-10002609,Office Supplies,Binders,Avery Hidden Tab Dividers for Binding Systems,44.53
OFF-BI-10002706,Office Supplies,Binders,Avery Premier Heavy-Duty Binder with Round Locking Rings,55.53
OFF-BI-10002735,Office Supplies,Binders,GBC Prestige Therm-A-Bind Covers,31.53
OFF-BI-10002764,Office Supplies,Binders,Recycled Pressboard Report Cover with Reinforced Top Hinge,57.53
OFF-BI-10002794,Office Supplies,Binders,"Avery Trapezoid Ring Binder, 3 Capacity, Black, 1040 sheets",58.53
OFF-BI-10002799,Office Supplies,Binders,"SlimView Poly Binder, 3/8",24.53
OFF-BI-10002813,Office Supplies,Binders,Avery Reinforcements for Hole-Punch Pages,40.53
OFF-BI-10002824,Office Supplies,Binders,Recycled Easel Ring Binders,26.53
OFF-BI-10002827,Office Supplies,Binders,Avery Durable Poly Binders,25.53
OFF-BI-10002852,Office Supplies,Binders,Ibico Standard Transparent Covers,32.53
OFF-BI-10002854,Office Supplies,Binders,"Performers Binder/Pad Holder, Black",34.53
OFF-BI-10002867,Office Supplies,Binders,GBC Recycled Regency Composition Covers,38.53
OFF-BI-10002897,Office Supplies,Binders,"Black Avery Memo-Size 3-Ring Binder, 5 1/2 x 8 1/2",49.53
OFF-BI-10002931,Office Supplies,Binders,Avery Trapezoid Extra Heavy Duty 4 Binders,41.53
OFF-BI-10002949,Office Supplies,Binders,Prestige Round Ring Binders,26.53
OFF-BI-10002954,Office Supplies,Binders,Newell 3-Hole Punched Plastic Slotted Magazine Holders for Binders,65.53
OFF-BI-10002976,Office Supplies,Binders,ACCOHIDE Binder by Acco,22.53
OFF-BI-10002982,Office Supplies,Binders,Avery Self-Adhesive Photo Pockets for Polaroid Photos,52.53
OFF-BI-10003007,Office Supplies,Binders,"Premium Transparent Presentation Covers, No Pattern/Clear, 8 1/2 x 11",68.53
OFF-BI-10003091,Office Supplies,Binders,GBC DocuBind TL200 Manual Binding Machine,40.53
OFF-BI-10003094,Office Supplies,Binders,Self-Adhesive Ring Binder Labels,31.53
OFF-BI-10003166,Office Supplies,Binders,GBC Plasticlear Binding Covers,29.53
OFF-BI-10003196,Office Supplies,Binders,Accohide Poly Flexible Ring Binders,34.53
OFF-BI-10003274,Office Supplies,Binders,"Avery Durable Slant Ring Binders, No Labels",42.53
OFF-BI-10003291,Office Supplies,Binders,Wilson Jones Leather-Like Binders with DublLock Round Rings,58.53
OFF-BI-10003305,Office Supplies,Binders,Avery Hanging File Binders,25.53
OFF-BI-10003314,Office Supplies,Binders,Tuff Stuff Recycled Round Ring Binders,37.53
OFF-BI-10003350,Office Supplies,Binders,Acco Expandable Hanging Binders,30.53
OFF-BI-10003355,Office Supplies,Binders,Cardinal Holdit Business Card Pockets,36.53
OFF-BI-10003364,Office Supplies,Binders,Binding Machine Supplies,23.53
OFF-BI-10003429,Office Supplies,Binders,"Cardinal HOLDit! Binder Insert Strips,Extra Strips",49.53
OFF-BI-10003460,Office Supplies,Binders,Acco 3-Hole Punch,16.53
OFF-BI-10003476,Office Supplies,Binders,Avery Metallic Poly Binders,26.53
OFF-BI-10003527,Office Supplies,Binders,Fellowes PB500 Electric Punch Plastic Comb Binding Machine with Manual Bind,74.53
OFF-BI-10003529,Office Supplies,Binders,Avery Round Ring Poly Binders,28.53
OFF-BI-10003638,Office Supplies,Binders,GBC Durable Plastic Covers,25.53
OFF-BI-10003650,Office Supplies,Binders,GBC DocuBind 300 Electric Binding Machine,40.53
OFF-BI-10003655,Office Supplies,Binders,Durable Pressboard Binders,25.53
OFF-BI-10003656,Office Supplies,Binders,Fellowes PB200 Plastic Comb Binding Machine,42.53
OFF-BI-10003669,Office Supplies,Binders,3M Organizer Strips,18.53
OFF-BI-10003676,Office Supplies,Binders,"GBC Standard Recycled Report Covers, Clear Plastic Sheets",56.53
OFF-BI-10003684,Office Supplies,Binders,Wilson Jones Legal Size Ring Binders,35.53
OFF-BI-10003694,Office Supplies,Binders,"Avery 3 1/2 Diskette Storage Pages, 10/Pack",42.53
OFF-BI-10003707,Office Supplies,Binders,Aluminum Screw Posts,19.53
OFF-BI-10003708,Office Supplies,Binders,"Acco Four Pocket Poly Ring Binder with Label Holder, Smoke, 1",60.53
OFF-BI-10003712,Office Supplies,Binders,"Acco Pressboard Covers with Storage Hooks, 14 7/8 x 11, Light Blue",65.53
OFF-BI-10003718,Office Supplies,Binders,GBC Therma-A-Bind 250T Electric Binding System,45.53
OFF-BI-10003719,Office Supplies,Binders,Large Capacity Hanging Post Binders,34.53
OFF-BI-10003727,Office Supplies,Binders,Avery Durable Slant Ring Binders With Label Holder,49.53
OFF-BI-10003784,Office Supplies,Binders,Computer Printout Index Tabs,27.53
OFF-BI-10003876,Office Supplies,Binders,Green Canvas Binder for 8-1/2 x 14 Sheets,40.53
OFF-BI-10003910,Office Supplies,Binders,DXL Angle-View Binders with Locking Rings by Samsill,51.53
OFF-BI-10003925,Office Supplies,Binders,Fellowes PB300 Plastic Comb Binding Machine,42.53
OFF-BI-10003963,Office Supplies,Binders,Cardinal Holdit Data Disk Pockets,32.53
OFF-BI-10003981,Office Supplies,Binders,Avery Durable Plastic 1 Binders,30.53
OFF-BI-10003982,Office Supplies,Binders,Wilson Jones Century Plastic Molded Ring Binders,47.53
OFF-BI-10003984,Office Supplies,Binders,Lock-Up Easel Spel-Binder,24.53
OFF-BI-10004001,Office Supplies,Binders,GBC Recycled VeloBinder Covers,29.53
OFF-BI-10004002,Office Supplies,Binders,Wilson Jones International Size A4 Ring Binders,46.53
OFF-BI-10004022,Office Supplies,Binders,Acco Suede Grain Vinyl Round Ring Binder,39.53
OFF-BI-10004040,Office Supplies,Binders,Wilson Jones Impact Binders,26.53
OFF-BI-10004094,Office Supplies,Binders,GBC Standard Plastic Binding Systems Combs,41.53
OFF-BI-10004099,Office Supplies,Binders,GBC VeloBinder Strips,20.53
OFF-BI-10004139,Office Supplies,Binders,Fellowes Presentation Covers for Comb Binding Machines,53.53
OFF-BI-10004140,Office Supplies,Binders,Avery Non-Stick Binders,22.53
OFF-BI-10004141,Office Supplies,Binders,Insertable Tab Indexes For Data Binders,38.53
OFF-BI-10004182,Office Supplies,Binders,Economy Binders,14.53
OFF-BI-10004187,Office Supplies,Binders,3-ring staple pack,17.53
OFF-BI-10004209,Office Supplies,Binders,"Fellowes Twister Kit, Gray/Clear, 3/pkg",38.53
OFF-BI-10004224,Office Supplies,Binders,Catalog Binders with Expanding Posts,35.53
OFF-BI-10004230,Office Supplies,Binders,GBC Recycled Grain Textured Covers,33.53
OFF-BI-10004233,Office Supplies,Binders,"GBC Pre-Punched Binding Paper, Plastic, White, 8-1/2 x 11",56.53
OFF-BI-10004236,Office Supplies,Binders,"XtraLife ClearVue Slant-D Ring Binder, White, 3",46.53
OFF-BI-10004308,Office Supplies,Binders,Avery Legal 4-Ring Binder,24.53
OFF-BI-10004318,Office Supplies,Binders,Ibico EB-19 Dual Function Manual Binding System,46.53
OFF-BI-10004330,Office Supplies,Binders,"GBC Velobind Prepunched Cover Sets, Regency Series",49.53
OFF-BI-10004352,Office Supplies,Binders,Wilson Jones DublLock D-Ring Binders,35.53
OFF-BI-10004364,Office Supplies,Binders,Storex Dura Pro Binders,22.53
OFF-BI-10004390,Office Supplies,Binders,GBC DocuBind 200 Manual Binding Machine,38.53
OFF-BI-10004410,Office Supplies,Binders,"C-Line Peel & Stick Add-On Filing Pockets, 8-3/4 x 5-1/8, 10/Pack",64.53
OFF-BI-10004465,Office Supplies,Binders,Avery Durable Slant Ring Binders,31.53
OFF-BI-10004492,Office Supplies,Binders,Tuf-Vin Binders,14.53
OFF-BI-10004506,Office Supplies,Binders,Wilson Jones data.warehouse D-Ring Binders with DublLock,55.53
OFF-BI-10004519,Office Supplies,Binders,GBC DocuBind P100 Manual Binding Machine,39.53
OFF-BI-10004528,Office Supplies,Binders,Cardinal Poly Pocket Divider Pockets for Ring Binders,52.53
OFF-BI-10004584,Office Supplies,Binders,GBC ProClick 150 Presentation Binding System,43.53
OFF-BI-10004593,Office Supplies,Binders,Ibico Laser Imprintable Binding System Covers,44.53
OFF-BI-10004600,Office Supplies,Binders,Ibico Ibimaster 300 Manual Binding System,40.53
OFF-BI-10004632,Office Supplies,Binders,Ibico Hi-Tech Manual Binding System,34.53
OFF-BI-10004654,Office Supplies,Binders,Avery Binding System Hidden Tab Executive Style Index Sets,57.53
OFF-BI-10004656,Office Supplies,Binders,Peel & Stick Add-On Corner Pockets,33.53
OFF-BI-10004716,Office Supplies,Binders,Wilson Jones Hanging Recycled Pressboard Data Binders,52.53
OFF-BI-10004728,Office Supplies,Binders,Wilson Jones Turn Tabs Binder Tool for Ring Binders,50.53
OFF-BI-10004738,Office Supplies,Binders,Flexible Leather- Look Classic Collection Ring Binder,52.53
OFF-BI-10004781,Office Supplies,Binders,GBC Wire Binding Strips,22.53
OFF-BI-10004817,Office Supplies,Binders,GBC Personal VeloBind Strips,27.53
OFF-BI-10004826,Office Supplies,Binders,JM Magazine Binder,17.53
OFF-BI-10004828,Office Supplies,Binders,GBC Poly Designer Binding Covers,31.53
OFF-BI-10004876,Office Supplies,Binders,Wilson Jones Suede Grain Vinyl Binders,37.53
OFF-BI-10004965,Office Supplies,Binders,Ibico Covers for Plastic or Wire Binding Elements,48.53
OFF-BI-10004967,Office Supplies,Binders,Round Ring Binders,17.53
OFF-BI-10004970,Office Supplies,Binders,"ACCOHIDE 3-Ring Binder, Blue, 1",30.53
OFF-BI-10004995,Office Supplies,Binders,GBC DocuBind P400 Electric Binding System,40.53
OFF-EN-10000056,Office Supplies,Envelopes,Cameo Buff Policy Envelopes,26.40
OFF-EN-10000461,Office Supplies,Envelopes,#10- 4 1/8 x 9 1/2 Recycled Envelopes,36.40
OFF-EN-10000483,Office Supplies,Envelopes,"White Envelopes, White Envelopes with Clear Poly Window",54.40
OFF-EN-10000781,Office Supplies,Envelopes,#10- 4 1/8 x 9 1/2 Recycled Envelopes,36.40
OFF-EN-10000927,Office Supplies,Envelopes,Jet-Pak Recycled Peel N Seal Padded Mailers,42.40
OFF-EN-10001028,Office Supplies,Envelopes,Staple envelope,14.40
OFF-EN-10001099,Office Supplies,Envelopes,Staple envelope,14.40
OFF-EN-10001137,Office Supplies,Envelopes,"#10 Gummed Flap White Envelopes, 100/Box",39.40
OFF-EN-10001141,Office Supplies,Envelopes,"Manila Recycled Extra-Heavyweight Clasp Envelopes, 6 x 9",55.40
OFF-EN-10001219,Office Supplies,Envelopes,#10- 4 1/8 x 9 1/2 Security-Tint Envelopes,41.40
OFF-EN-10001335,Office Supplies,Envelopes,"White Business Envelopes with Contemporary Seam, Recycled White Business Envelopes",81.40
OFF-EN-10001415,Office Supplies,Envelopes,Staple envelope,14.40
OFF-EN-10001434,Office Supplies,Envelopes,"Strathmore #10 Envelopes, Ultimate White",39.40
OFF-EN-10001453,Office Supplies,Envelopes,"Tyvek Interoffice Envelopes, 9 1/2 x 12 1/2, 100/Box",51.40
OFF-EN-10001509,Office Supplies,Envelopes,Poly String Tie Envelopes,24.40
OFF-EN-10001532,Office Supplies,Envelopes,Brown Kraft Recycled Envelopes,29.40
OFF-EN-10001535,Office Supplies,Envelopes,Grip Seal Envelopes,18.40
OFF-EN-10001539,Office Supplies,Envelopes,Staple envelope,14.40
OFF-EN-10001749,Office Supplies,Envelopes,Jiffy Padded Mailers with Self-Seal Closure,42.40
OFF-EN-10001990,Office Supplies,Envelopes,Staple envelope,14.40
OFF-EN-10002230,Office Supplies,Envelopes,Airmail Envelopes,16.40
OFF-EN-10002312,Office Supplies,Envelopes,#10 Self-Seal White Envelopes,28.40
OFF-EN-10002500,Office Supplies,Envelopes,Globe Weis Peel & Seel First Class Envelopes,43.40
OFF-EN-10002504,Office Supplies,Envelopes,"Tyvek  Top-Opening Peel & Seel Envelopes, Plain White",52.40
OFF-EN-10002592,Office Supplies,Envelopes,"Peel & Seel Recycled Catalog Envelopes, Brown",44.40
OFF-EN-10002600,Office Supplies,Envelopes,"Redi-Strip #10 Envelopes, 4 1/8 x 9 1/2",38.40
OFF-EN-10002621,Office Supplies,Envelopes,Staple envelope,14.40
OFF-EN-10002831,Office Supplies,Envelopes,"Tyvek  Top-Opening Peel & Seel  Envelopes, Gray",46.40
OFF-EN-10002973,Office Supplies,Envelopes,Ampad #10 Peel & Seel Holiday Envelopes,38.40
OFF-EN-10002986,Office Supplies,Envelopes,#10-4 1/8 x 9 1/2 Premium Diagonal Seam Envelopes,48.40
OFF-EN-10003001,Office Supplies,Envelopes,Ames Color-File Green Diamond Border X-ray Mailers,49.40
OFF-EN-10003040,Office Supplies,Envelopes,Quality Park Security Envelopes,30.40
OFF-EN-10003055,Office Supplies,Envelopes,"Blue String-Tie & Button Interoffice Envelopes, 10 x 13",54.40
OFF-EN-10003068,Office Supplies,Envelopes,#6 3/4 Gummed Flap White Envelopes,33.40
OFF-EN-10003072,Office Supplies,Envelopes,Peel & Seel Envelopes,20.40
OFF-EN-10003134,Office Supplies,Envelopes,Staple envelope,14.40
OFF-EN-10003160,Office Supplies,Envelopes,Pastel Pink Envelopes,20.40
OFF-EN-10003286,Office Supplies,Envelopes,Staple envelope,14.40
OFF-EN-10003296,Office Supplies,Envelopes,Tyvek Side-Opening Peel & Seel Expanding Envelopes,49.40
OFF-EN-10003448,Office Supplies,Envelopes,"Peel & Seel Recycled Catalog Envelopes, Brown",44.40
OFF-EN-10003567,Office Supplies,Envelopes,"Inter-Office Recycled Envelopes, Brown Kraft, Button-String,10 x 13 , 100/Box",76.40
OFF-EN-10003798,Office Supplies,Envelopes,"Recycled Interoffice Envelopes with Re-Use-A-Seal Closure, 10 x 13",65.40
OFF-EN-10003845,Office Supplies,Envelopes,Colored Envelopes,16.40
OFF-EN-10003862,Office Supplies,Envelopes,Laser & Ink Jet Business Envelopes,33.40
OFF-EN-10004007,Office Supplies,Envelopes,Park Ridge Embossed Executive Business Envelopes,47.40
OFF-EN-10004030,Office Supplies,Envelopes,Convenience Packs of Business Envelopes,38.40
OFF-EN-10004147,Office Supplies,Envelopes,Wausau Papers Astrobrights Colored Envelopes,43.40
OFF-EN-10004206,Office Supplies,Envelopes,Multimedia Mailers,17.40
OFF-EN-10004386,Office Supplies,Envelopes,"Recycled Interoffice Envelopes with String and Button Closure, 10 x 13",69.40
OFF-EN-10004459,Office Supplies,Envelopes,Security-Tint Envelopes,22.40
OFF-EN-10004483,Office Supplies,Envelopes,"#10 White Business Envelopes,4 1/8 x 9 1/2",41.40
OFF-EN-10004773,Office Supplies,Envelopes,Staple envelope,14.40
OFF-EN-10004846,Office Supplies,Envelopes,Letter or Legal Size Expandable Poly String Tie Envelopes,56.40
OFF-EN-10004955,Office Supplies,Envelopes,Fashion Color Clasp Envelopes,28.40
OFF-FA-10000053,Office Supplies,Fasteners,Revere Boxed Rubber Bands by Revere,34.40
OFF-FA-10000089,Office Supplies,Fasteners,Acco Glide Clips,15.40
OFF-FA-10000134,Office Supplies,Fasteners,"Advantus Push Pins, Aluminum Head",32.40
OFF-FA-10000254,Office Supplies,Fasteners,Sterling Rubber Bands by Alliance,32.40
OFF-FA-10000304,Office Supplies,Fasteners,Advantus Push Pins,17.40
OFF-FA-10000490,Office Supplies,Fasteners,"OIC Binder Clips, Mini, 1/4 Capacity, Black",42.40
OFF-FA-10000585,Office Supplies,Fasteners,OIC Bulk Pack Metal Binder Clips,31.40
OFF-FA-10000611,Office Supplies,Fasteners,Binder Clips by OIC,18.40
OFF-FA-10000621,Office Supplies,Fasteners,"OIC Colored Binder Clips, Assorted Sizes",39.40
OFF-FA-10000624,Office Supplies,Fasteners,OIC Binder Clips,15.40
OFF-FA-10000735,Office Supplies,Fasteners,Staples,6.40
OFF-FA-10000840,Office Supplies,Fasteners,OIC Thumb-Tacks,14.40
OFF-FA-10000936,Office Supplies,Fasteners,Acco Hot Clips Clips to Go,25.40
OFF-FA-10000992,Office Supplies,Fasteners,"Acco Clips to Go Binder Clips, 24 Clips in Two Sizes",51.40
OFF-FA-10001135,Office Supplies,Fasteners,"Brites Rubber Bands, 1 1/2 oz. Box",33.40
OFF-FA-10001229,Office Supplies,Fasteners,Staples,6.40
OFF-FA-10001332,Office Supplies,Fasteners,"Acco Bankers Clasps, 5 3/4-Long",30.40
OFF-FA-10001561,Office Supplies,Fasteners,Stockwell Push Pins,18.40
OFF-FA-10001754,Office Supplies,Fasteners,Stockwell Gold Paper Clips,25.40
OFF-FA-10001843,Office Supplies,Fasteners,Staples,6.40
OFF-FA-10001883,Office Supplies,Fasteners,"Alliance Super-Size Bands, Assorted Sizes",40.40
OFF-FA-10002280,Office Supplies,Fasteners,Advantus Plastic Paper Clips,27.40
OFF-FA-10002676,Office Supplies,Fasteners,Colored Push Pins,16.40
OFF-FA-10002701,Office Supplies,Fasteners,Alliance Rubber Bands,20.40
OFF-FA-10002763,Office Supplies,Fasteners,Advantus Map Pennant Flags and Round Head Tacks,46.40
OFF-FA-10002780,Office Supplies,Fasteners,Staples,6.40
OFF-FA-10002815,Office Supplies,Fasteners,Staples,6.40
OFF-FA-10002975,Office Supplies,Fasteners,Staples,6.40
OFF-FA-10002983,Office Supplies,Fasteners,Advantus SlideClip Paper Clips,29.40
OFF-FA-10002988,Office Supplies,Fasteners,Ideal Clamps,11.40
OFF-FA-10003021,Office Supplies,Fasteners,Staples,6.40
OFF-FA-10003059,Office Supplies,Fasteners,Assorted Color Push Pins,23.40
OFF-FA-10003112,Office Supplies,Fasteners,Staples,6.40
OFF-FA-10003467,Office Supplies,Fasteners,"Alliance Big Bands Rubber Bands, 12/Pack",39.40
OFF-FA-10003472,Office Supplies,Fasteners,Bagged Rubber Bands,18.40
OFF-FA-10003485,Office Supplies,Fasteners,Staples,6.40
OFF-FA-10003495,Office Supplies,Fasteners,Staples,6.40
OFF-FA-10004076,Office Supplies,Fasteners,Translucent Push Pins by OIC,27.40
OFF-FA-10004248,Office Supplies,Fasteners,Advantus T-Pin Paper Clips,25.40
OFF-FA-10004395,Office Supplies,Fasteners,Plymouth Boxed Rubber Bands by Plymouth,38.40
OFF-FA-10004838,Office Supplies,Fasteners,"Super Bands, 12/Pack",19.40
OFF-FA-10004854,Office Supplies,Fasteners,"Vinyl Coated Wire Paper Clips in Organizer Box, 800/Box",54.40
OFF-FA-10004968,Office Supplies,Fasteners,Rubber Band Ball,15.40
OFF-LA-10000081,Office Supplies,Labels,Avery 496,8.60
OFF-LA-10000121,Office Supplies,Labels,Avery 48,7.60
OFF-LA-10000134,Office Supplies,Labels,Avery 511,8.60
OFF-LA-10000240,Office Supplies,Labels,Self-Adhesive Address Labels for Typewriters by Universal,56.60
OFF-LA-10000248,Office Supplies,Labels,Avery 52,7.60
OFF-LA-10000262,Office Supplies,Labels,Avery 494,8.60
OFF-LA-10000305,Office Supplies,Labels,Avery 495,8.60
OFF-LA-10000407,Office Supplies,Labels,Avery White Multi-Purpose Labels,31.60
OFF-LA-10000414,Office Supplies,Labels,Avery 503,8.60
OFF-LA-10000443,Office Supplies,Labels,Avery 501,8.60
OFF-LA-10000452,Office Supplies,Labels,Avery 488,8.60
OFF-LA-10000476,Office Supplies,Labels,"Avery 05222 Permanent Self-Adhesive File Folder Labels for Typewriters, on Rolls, White, 250/Roll",96.60
OFF-LA-10000634,Office Supplies,Labels,Avery 509,8.60
OFF-LA-10000973,Office Supplies,Labels,Avery 502,8.60
OFF-LA-10001045,Office Supplies,Labels,Permanent Self-Adhesive File Folder Labels for Typewriters by Universal,70.60
OFF-LA-10001074,Office Supplies,Labels,Round Specialty Laser Printer Labels,35.60
OFF-LA-10001158,Office Supplies,Labels,"Avery Address/Shipping Labels for Typewriters, 4 x 2",51.60
OFF-LA-10001175,Office Supplies,Labels,Avery 514,8.60
OFF-LA-10001297,Office Supplies,Labels,Avery 473,8.60
OFF-LA-10001317,Office Supplies,Labels,Avery 520,8.60
OFF-LA-10001404,Office Supplies,Labels,Avery 517,8.60
OFF-LA-10001474,Office Supplies,Labels,Avery 477,8.60
OFF-LA-10001569,Office Supplies,Labels,Avery 499,8.60
OFF-LA-10001613,Office Supplies,Labels,Avery File Folder Labels,23.60
OFF-LA-10001641,Office Supplies,Labels,Avery 518,8.60
OFF-LA-10001771,Office Supplies,Labels,Avery 513,8.60
OFF-LA-10001934,Office Supplies,Labels,Avery 516,8.60
OFF-LA-10001982,Office Supplies,Labels,Smead Alpha-Z Color-Coded Name Labels First Letter Starter Set,61.60
OFF-LA-10002034,Office Supplies,Labels,Avery 478,8.60
OFF-LA-10002043,Office Supplies,Labels,Avery 489,8.60
OFF-LA-10002195,Office Supplies,Labels,Avery 481,8.60
OFF-LA-10002271,Office Supplies,Labels,Smead Alpha-Z Color-Coded Second Alphabetical Labels and Starter Set,67.60
OFF-LA-10002312,Office Supplies,Labels,Avery 490,8.60
OFF-LA-10002368,Office Supplies,Labels,Avery 479,8.60
OFF-LA-10002381,Office Supplies,Labels,Avery 497,8.60
OFF-LA-10002473,Office Supplies,Labels,Avery 484,8.60
OFF-LA-10002475,Office Supplies,Labels,Avery 519,8.60
OFF-LA-10002762,Office Supplies,Labels,Avery 485,8.60
OFF-LA-10002787,Office Supplies,Labels,Avery 480,8.60
OFF-LA-10002945,Office Supplies,Labels,"Permanent Self-Adhesive File Folder Labels for Typewriters, 1 1/8 x 3 1/2, White",79.60
OFF-LA-10003077,Office Supplies,Labels,Avery 500,8.60
OFF-LA-10003121,Office Supplies,Labels,Avery 506,8.60
OFF-LA-10003148,Office Supplies,Labels,Avery 51,7.60
OFF-LA-10003190,Office Supplies,Labels,Avery 474,8.60
OFF-LA-10003223,Office Supplies,Labels,Avery 508,8.60
OFF-LA-10003388,Office Supplies,Labels,Avery 5,6.60
OFF-LA-10003498,Office Supplies,Labels,Avery 475,8.60
OFF-LA-10003510,Office Supplies,Labels,"Avery 4027 File Folder Labels for Dot Matrix Printers, 5000 Labels per Box, White",80.60
OFF-LA-10003537,Office Supplies,Labels,Avery 515,8.60
OFF-LA-10003663,Office Supplies,Labels,Avery 498,8.60
OFF-LA-10003714,Office Supplies,Labels,Avery 510,8.60
OFF-LA-10003720,Office Supplies,Labels,Avery 487,8.60
OFF-LA-10003766,Office Supplies,Labels,Self-Adhesive Removable Labels,29.60
OFF-LA-10003923,Office Supplies,Labels,Alphabetical Labels for Top Tab Filing,37.60
OFF-LA-10003930,Office Supplies,Labels,"Dot Matrix Printer Tape Reel Labels, White, 5000/Box",51.60
OFF-LA-10004008,Office Supplies,Labels,Avery 507,8.60
OFF-LA-10004055,Office Supplies,Labels,Color-Coded Legal Exhibit Labels,31.60
OFF-LA-10004093,Office Supplies,Labels,Avery 486,8.60
OFF-LA-10004178,Office Supplies,Labels,Avery 491,8.60
OFF-LA-10004272,Office Supplies,Labels,Avery 482,8.60
OFF-LA-10004345,Office Supplies,Labels,Avery 493,8.60
OFF-LA-10004409,Office Supplies,Labels,Avery 492,8.60
OFF-LA-10004425,Office Supplies,Labels,Staple-on labels,15.60
OFF-LA-10004484,Office Supplies,Labels,Avery 476,8.60
OFF-LA-10004544,Office Supplies,Labels,Avery 505,8.60
OFF-LA-10004545,Office Supplies,Labels,Avery 50,7.60
OFF-LA-10004559,Office Supplies,Labels,Avery 49,7.60
OFF-LA-10004677,Office Supplies,Labels,Self-Adhesive Address Labels for Typewriters with Dispenser Box,62.60
OFF-LA-10004689,Office Supplies,Labels,Avery 512,8.60
OFF-LA-10004853,Office Supplies,Labels,Avery 483,8.60
OFF-PA-10000007,Office Supplies,Paper,"Telephone Message Books with Fax/Mobile Section, 4 1/4 x 6",57.67
OFF-PA-10000019,Office Supplies,Paper,Xerox 1931,9.67
OFF-PA-10000029,Office Supplies,Paper,Xerox 224,8.67
OFF-PA-10000048,Office Supplies,Paper,Xerox 20,7.67
OFF-PA-10000061,Office Supplies,Paper,Xerox 205,8.67
OFF-PA-10000062,Office Supplies,Paper,Green Bar Computer Printout Paper,32.67
OFF-PA-10000069,Office Supplies,Paper,"TOPS 4 x 6 Fluorescent Color Memo Sheets, 500 Sheets per Pack",60.67
OFF-PA-10000100,Office Supplies,Paper,Xerox 1945,9.67
OFF-PA-10000130,Office Supplies,Paper,Xerox 199,8.67
OFF-PA-10000141,Office Supplies,Paper,"Ampad Evidence Wirebond Steno Books, 6 x 9",41.67
OFF-PA-10000143,Office Supplies,Paper,Astroparche Fine Business Paper,30.67
OFF-PA-10000157,Office Supplies,Paper,Xerox 191,8.67
OFF-PA-10000167,Office Supplies,Paper,Xerox 1925,9.67
OFF-PA-10000174,Office Supplies,Paper,"Message Book, Wirebound, Four 5 1/2 X 4 Forms/Pg., 200 Dupl. Sets/Book",69.67
OFF-PA-10000176,Office Supplies,Paper,Xerox 1887,9.67
OFF-PA-10000210,Office Supplies,Paper,Xerox Blank Computer Paper,25.67
OFF-PA-10000213,Office Supplies,Paper,Xerox 198,8.67
OFF-PA-10000223,Office Supplies,Paper,Xerox 2000,9.67
OFF-PA-10000232,Office Supplies,Paper,Xerox 1975,9.67
OFF-PA-10000241,Office Supplies,Paper,"IBM Multi-Purpose Copy Paper, 8 1/2 x 11, Case",45.67
OFF-PA-10000246,Office Supplies,Paper,Riverleaf Stik-Withit Designer Note Cubes,40.67
OFF-PA-10000249,Office Supplies,Paper,Easy-staple paper,16.67
OFF-PA-10000289,Office Supplies,Paper,Xerox 213,8.67
OFF-PA-10000295,Office Supplies,Paper,Xerox 229,8.67
OFF-PA-10000300,Office Supplies,Paper,Xerox 1936,9.67
OFF-PA-10000304,Office Supplies,Paper,Xerox 1995,9.67
OFF-PA-10000308,Office Supplies,Paper,Xerox 1901,9.67
OFF-PA-10000312,Office Supplies,Paper,Xerox 1955,9.67
OFF-PA-10000327,Office Supplies,Paper,Xerox 1971,9.67
OFF-PA-10000349,Office Supplies,Paper,Easy-staple paper,16.67
OFF-PA-10000350,Office Supplies,Paper,"Message Book, Standard Line While You Were Out, 5 1/2 X 4, 200 Sets/Book",71.67
OFF-PA-10000357,Office Supplies,Paper,"White Dual Perf Computer Printout Paper, 2700 Sheets, 1 Part, Heavyweight, 20 lbs., 14 7/8 x 11",94.67
OFF-PA-10000380,Office Supplies,Paper,"REDIFORM Incoming/Outgoing Call Register, 11 X 8 1/2, 100 Messages",65.67
OFF-PA-10000418,Office Supplies,Paper,Xerox 189,8.67
OFF-PA-10000466,Office Supplies,Paper,"Memo Book, 100 Message Capacity, 5 3/8” x 11”",44.67
OFF-PA-10000474,Office Supplies,Paper,Easy-staple paper,16.67
OFF-PA-10000477,Office Supplies,Paper,Xerox 1952,9.67
OFF-PA-10000482,Office Supplies,Paper,"Snap-A-Way Black Print Carbonless Ruled Speed Letter, Triplicate",63.67
OFF-PA-10000483,Office Supplies,Paper,Xerox 19,7.67
OFF-PA-10000501,Office Supplies,Paper,Petty Cash Envelope,18.67
OFF-PA-10000520,Office Supplies,Paper,Xerox 201,8.67
OFF-PA-10000528,Office Supplies,Paper,Xerox 1981,9.67
OFF-PA-10000533,Office Supplies,Paper,Southworth Parchment Paper & Envelopes,37.67
OFF-PA-10000551,Office Supplies,Paper,Array Memo Cubes,15.67
OFF-PA-10000552,Office Supplies,Paper,Xerox 200,8.67
OFF-PA-10000556,Office Supplies,Paper,Xerox 208,8.67
OFF-PA-10000565,Office Supplies,Paper,Easy-staple paper,16.67
OFF-PA-10000575,Office Supplies,Paper,"Wirebound Message Books, Four 2 3/4 x 5 White Forms per Page",59.67
OFF-PA-10000587,Office Supplies,Paper,"Array Parchment Paper, Assorted Colors",37.67
OFF-PA-10000595,Office Supplies,Paper,Xerox 1929,9.67
OFF-PA-10000605,Office Supplies,Paper,Xerox 1950,9.67
OFF-PA-10000659,Office Supplies,Paper,"Adams Phone Message Book, Professional, 400 Message Capacity, 5 3/6” x 11”",73.67
OFF-PA-10000673,Office Supplies,Paper,"Post-it “Important Message” Note Pad, Neon Colors, 50 Sheets/Pad",63.67
OFF-PA-10000675,Office Supplies,Paper,Xerox 1919,9.67
OFF-PA-10000682,Office Supplies,Paper,Xerox 1924,9.67
OFF-PA-10000697,Office Supplies,Paper,"TOPS Voice Message Log Book, Flash Format",40.67
OFF-PA-10000726,Office Supplies,Paper,"Black Print Carbonless Snap-Off Rapid Letter, 8 1/2 x 7",54.67
OFF-PA-10000740,Office Supplies,Paper,Xerox 1982,9.67
OFF-PA-10000743,Office Supplies,Paper,Xerox 1977,9.67
OFF-PA-10000788,Office Supplies,Paper,Xerox 210,8.67
OFF-PA-10000791,Office Supplies,Paper,"Wirebound Message Books, Four 2 3/4 x 5 Forms per Page, 200 Sets per Book",72.67
OFF-PA-10000806,Office Supplies,Paper,Xerox 1934,9.67
OFF-PA-10000807,Office Supplies,Paper,"TOPS Important Message Pads, Canary, 4-1/4 x 5-1/2, 50 Sheets per Pad",68.67
OFF-PA-10000809,Office Supplies,Paper,Xerox 206,8.67
OFF-PA-10000859,Office Supplies,Paper,Unpadded Memo Slips,18.67
OFF-PA-10000919,Office Supplies,Paper,Xerox 1918,9.67
OFF-PA-10000955,Office Supplies,Paper,Southworth 25% Cotton Granite Paper & Envelopes,46.67
OFF-PA-10000994,Office Supplies,Paper,Xerox 1915,9.67
OFF-PA-10001001,Office Supplies,Paper,"Snap-A-Way Black Print Carbonless Speed Message, No Reply Area, Duplicate",72.67
OFF-PA-10001019,Office Supplies,Paper,Xerox 1884,9.67
OFF-PA-10001033,Office Supplies,Paper,Xerox 1893,9.67
OFF-PA-10001125,Office Supplies,Paper,Xerox 1988,9.67
OFF-PA-10001144,Office Supplies,Paper,Xerox 1913,9.67
OFF-PA-10001166,Office Supplies,Paper,Xerox 2,6.67
OFF-PA-10001184,Office Supplies,Paper,Xerox 1903,9.67
OFF-PA-10001204,Office Supplies,Paper,Xerox 1972,9.67
OFF-PA-10001215,Office Supplies,Paper,Xerox 1963,9.67
OFF-PA-10001243,Office Supplies,Paper,Xerox 1983,9.67
OFF-PA-10001246,Office Supplies,Paper,Xerox 215,8.67
OFF-PA-10001260,Office Supplies,Paper,"TOPS Money Receipt Book, Consecutively Numbered in Red,",54.67
OFF-PA-10001274,Office Supplies,Paper,Loose Memo Sheets,16.67
OFF-PA-10001281,Office Supplies,Paper,Computer Printout Paper with Letter-Trim Fine Perforations,57.67
OFF-PA-10001289,Office Supplies,Paper,White Computer Printout Paper by Universal,41.67
OFF-PA-10001293,Office Supplies,Paper,Xerox 1946,9.67
OFF-PA-10001295,Office Supplies,Paper,Computer Printout Paper with Letter-Trim Perforations,52.67
OFF-PA-10001307,Office Supplies,Paper,"Important Message Pads, 50 4-1/4 x 5-1/2 Forms per Pad",53.67
OFF-PA-10001357,Office Supplies,Paper,Xerox 1886,9.67
OFF-PA-10001363,Office Supplies,Paper,Xerox 1933,9.67
OFF-PA-10001450,Office Supplies,Paper,Rediform S.O.S. Phone Message Books,34.67
OFF-PA-10001457,Office Supplies,Paper,White GlueTop Scratch Pads,25.67
OFF-PA-10001461,Office Supplies,Paper,HP Office Paper (20Lb. and 87 Bright),36.67
OFF-PA-10001471,Office Supplies,Paper,Strathmore Photo Frame Cards,27.67
OFF-PA-10001497,Office Supplies,Paper,Xerox 1914,9.67
OFF-PA-10001509,Office Supplies,Paper,"Recycled Desk Saver Line While You Were Out Book, 5 1/2 X 4",58.67
OFF-PA-10001526,Office Supplies,Paper,Xerox 1949,9.67
OFF-PA-10001534,Office Supplies,Paper,Xerox 230,8.67
OFF-PA-10001560,Office Supplies,Paper,"Adams Telephone Message Books, 5 1/4” x 11”",42.67
OFF-PA-10001569,Office Supplies,Paper,Xerox 232,8.67
OFF-PA-10001583,Office Supplies,Paper,"1/4 Fold Party Design Invitations & White Envelopes, 24 8-1/2 X 11 Cards, 25 Env./Pack",85.67
OFF-PA-10001593,Office Supplies,Paper,Xerox 1947,9.67
OFF-PA-10001609,Office Supplies,Paper,Tops Wirebound Message Log Books,31.67
OFF-PA-10001622,Office Supplies,Paper,"Ampad Poly Cover Wirebound Steno Book, 6 x 9 Assorted Colors, Gregg Ruled",72.67
OFF-PA-10001639,Office Supplies,Paper,Xerox 203,8.67
OFF-PA-10001661,Office Supplies,Paper,Xerox 1922,9.67
OFF-PA-10001667,Office Supplies,Paper,Great White Multi-Use Recycled Paper (20Lb. and 84 Bright),57.67
OFF-PA-10001685,Office Supplies,Paper,Easy-staple paper,16.67
OFF-PA-10001712,Office Supplies,Paper,Xerox 1948,9.67
OFF-PA-10001725,Office Supplies,Paper,Xerox 1892,9.67
OFF-PA-10001736,Office Supplies,Paper,Xerox 1880,9.67
OFF-PA-10001745,Office Supplies,Paper,"Wirebound Message Books, 2 7/8 x 5, 3 Forms per Page",51.67
OFF-PA-10001752,Office Supplies,Paper,Hammermill CopyPlus Copy Paper (20Lb. and 84 Bright),51.67
OFF-PA-10001763,Office Supplies,Paper,Xerox 1896,9.67
OFF-PA-10001776,Office Supplies,Paper,"Wirebound Message Books, Four 2 3/4 x 5 Forms per Page, 600 Sets per Book",72.67
OFF-PA-10001790,Office Supplies,Paper,Xerox 1910,9.67
OFF-PA-10001800,Office Supplies,Paper,Xerox 220,8.67
OFF-PA-10001801,Office Supplies,Paper,Xerox 193,8.67
OFF-PA-10001804,Office Supplies,Paper,Xerox 195,8.67
OFF-PA-10001815,Office Supplies,Paper,Xerox 1885,9.67
OFF-PA-10001826,Office Supplies,Paper,Xerox 207,8.67
OFF-PA-10001837,Office Supplies,Paper,Xerox 1976,9.67
OFF-PA-10001838,Office Supplies,Paper,"Adams Telephone Message Book W/Dividers/Space For Phone Numbers, 5 1/4X8 1/2, 300/Messages",89.67
OFF-PA-10001846,Office Supplies,Paper,Xerox 1899,9.67
OFF-PA-10001870,Office Supplies,Paper,Xerox 202,8.67
OFF-PA-10001878,Office Supplies,Paper,Xerox 1891,9.67
OFF-PA-10001892,Office Supplies,Paper,"Rediform Wirebound Phone Memo Message Book, 11 x 5-3/4",53.67
OFF-PA-10001934,Office Supplies,Paper,Xerox 1993,9.67
OFF-PA-10001937,Office Supplies,Paper,Xerox 21,7.67
OFF-PA-10001947,Office Supplies,Paper,Xerox 1974,9.67
OFF-PA-10001950,Office Supplies,Paper,Southworth 25% Cotton Antique Laid Paper & Envelopes,51.67
OFF-PA-10001952,Office Supplies,Paper,Xerox 1902,9.67
OFF-PA-10001954,Office Supplies,Paper,Xerox 1964,9.67
OFF-PA-10001970,Office Supplies,Paper,Xerox 1881,9.67
OFF-PA-10001972,Office Supplies,Paper,Xerox 214,8.67
OFF-PA-10001977,Office Supplies,Paper,Xerox 194,8.67
OFF-PA-10001994,Office Supplies,Paper,"Ink Jet Note and Greeting Cards, 8-1/2 x 5-1/2 Card Size",55.67
OFF-PA-10002001,Office Supplies,Paper,Xerox 1984,9.67
OFF-PA-10002005,Office Supplies,Paper,Xerox 225,8.67
OFF-PA-10002036,Office Supplies,Paper,Xerox 1930,9.67
OFF-PA-10002105,Office Supplies,Paper,Xerox 223,8.67
OFF-PA-10002109,Office Supplies,Paper,Wirebound Voice Message Log Book,31.67
OFF-PA-10002120,Office Supplies,Paper,Xerox 1889,9.67
OFF-PA-10002137,Office Supplies,Paper,"Southworth 100% Résumé Paper, 24lb.",34.67
OFF-PA-10002160,Office Supplies,Paper,Xerox 1978,9.67
OFF-PA-10002195,Office Supplies,Paper,"RSVP Cards & Envelopes, Blank White, 8-1/2 X 11, 24 Cards/25 Envelopes/Set",73.67
OFF-PA-10002222,Office Supplies,Paper,"Xerox Color Copier Paper, 11 x 17, Ream",38.67
OFF-PA-10002230,Office Supplies,Paper,Xerox 1897,9.67
OFF-PA-10002245,Office Supplies,Paper,Xerox 1895,9.67
OFF-PA-10002246,Office Supplies,Paper,"Wirebound Four 2-3/4 x 5 Forms per Page, 400 Sets per Book",57.67
OFF-PA-10002250,Office Supplies,Paper,Things To Do Today Pad,21.67
OFF-PA-10002254,Office Supplies,Paper,Xerox 1883,9.67
OFF-PA-10002259,Office Supplies,Paper,"Geographics Note Cards, Blank, White, 8 1/2 x 11",47.67
OFF-PA-10002262,Office Supplies,Paper,Xerox 192,8.67
OFF-PA-10002319,Office Supplies,Paper,Xerox 1944,9.67
OFF-PA-10002333,Office Supplies,Paper,"Universal Ultra Bright White Copier/Laser Paper, 8 1/2 x 11, Ream",64.67
OFF-PA-10002365,Office Supplies,Paper,Xerox 1967,9.67
OFF-PA-10002377,Office Supplies,Paper,Xerox 1916,9.67
OFF-PA-10002421,Office Supplies,Paper,Embossed Ink Jet Note Cards,26.67
OFF-PA-10002464,Office Supplies,Paper,HP Office Recycled Paper (20Lb. and 87 Bright),45.67
OFF-PA-10002479,Office Supplies,Paper,Xerox 4200 Series MultiUse Premium Copy Paper (20Lb. and 84 Bright),66.67
OFF-PA-10002499,Office Supplies,Paper,Xerox 1890,9.67
OFF-PA-10002552,Office Supplies,Paper,Xerox 1958,9.67
OFF-PA-10002558,Office Supplies,Paper,Xerox 1938,9.67
OFF-PA-10002581,Office Supplies,Paper,Xerox 1951,9.67
OFF-PA-10002586,Office Supplies,Paper,Xerox 1970,9.67
OFF-PA-10002606,Office Supplies,Paper,Xerox 1928,9.67
OFF-PA-10002615,Office Supplies,Paper,"Ampad Gold Fibre Wirebound Steno Books, 6 x 9, Gregg Ruled",57.67
OFF-PA-10002659,Office Supplies,Paper,Avoid Verbal Orders Carbonless Minifold Book,43.67
OFF-PA-10002666,Office Supplies,Paper,Southworth 25% Cotton Linen-Finish Paper & Envelopes,51.67
OFF-PA-10002689,Office Supplies,Paper,Weyerhaeuser First Choice Laser/Copy Paper (20Lb. and 88 Bright),63.67
OFF-PA-10002709,Office Supplies,Paper,Xerox 1956,9.67
OFF-PA-10002713,Office Supplies,Paper,"Adams Phone Message Book, 200 Message Capacity, 8 1/16” x 11”",60.67
OFF-PA-10002741,Office Supplies,Paper,Xerox 1980,9.67
OFF-PA-10002749,Office Supplies,Paper,"Wirebound Message Books, 5-1/2 x 4 Forms, 2 or 4 Forms per Page",62.67
OFF-PA-10002751,Office Supplies,Paper,Xerox 1920,9.67
OFF-PA-10002764,Office Supplies,Paper,Easy-staple paper,16.67
OFF-PA-10002787,Office Supplies,Paper,Xerox 227,8.67
OFF-PA-10002870,Office Supplies,Paper,"Ampad Phone Message Book, Recycled, 400 Message Capacity, 5 ¾” x 11”",67.67
OFF-PA-10002893,Office Supplies,Paper,"Wirebound Service Call Books, 5 1/2 x 4",38.67
OFF-PA-10002923,Office Supplies,Paper,Xerox 1942,9.67
OFF-PA-10002947,Office Supplies,Paper,Xerox 1923,9.67
OFF-PA-10002960,Office Supplies,Paper,Xerox 1926,9.67
OFF-PA-10002968,Office Supplies,Paper,Xerox 1973,9.67
OFF-PA-10002986,Office Supplies,Paper,Xerox 1898,9.67
OFF-PA-10003001,Office Supplies,Paper,Xerox 1986,9.67
OFF-PA-10003016,Office Supplies,Paper,Adams While You Were Out Message Pads,36.67
OFF-PA-10003022,Office Supplies,Paper,Xerox 1992,9.67
OFF-PA-10003036,Office Supplies,Paper,Black Print Carbonless 8 1/2 x 8 1/4 Rapid Memo Book,51.67
OFF-PA-10003039,Office Supplies,Paper,Xerox 1960,9.67
OFF-PA-10003063,Office Supplies,Paper,EcoTones Memo Sheets,19.67
OFF-PA-10003072,Office Supplies,Paper,"Eureka Recycled Copy Paper 8 1/2 x 11, Ream",42.67
OFF-PA-10003127,Office Supplies,Paper,Easy-staple paper,16.67
OFF-PA-10003129,Office Supplies,Paper,Tops White Computer Printout Paper,33.67
OFF-PA-10003134,Office Supplies,Paper,Xerox 1937,9.67
OFF-PA-10003172,Office Supplies,Paper,Xerox 1996,9.67
OFF-PA-10003177,Office Supplies,Paper,Xerox 1999,9.67
OFF-PA-10003205,Office Supplies,Paper,"Wirebound Message Forms, Four 2 3/4 x 5 Forms per Page, Pink Paper",65.67
OFF-PA-10003228,Office Supplies,Paper,Xerox 1917,9.67
OFF-PA-10003256,Office Supplies,Paper,Avery Personal Creations Heavyweight Cards,41.67
OFF-PA-10003270,Office Supplies,Paper,Xerox 1954,9.67
OFF-PA-10003302,Office Supplies,Paper,Xerox 1906,9.67
OFF-PA-10003309,Office Supplies,Paper,Xerox 211,8.67
OFF-PA-10003349,Office Supplies,Paper,Xerox 1957,9.67
OFF-PA-10003363,Office Supplies,Paper,Xerox 204,8.67
OFF-PA-10003395,Office Supplies,Paper,Xerox 1941,9.67
OFF-PA-10003424,Office Supplies,Paper,"While you Were Out Message Book, One Form per Page",49.67
OFF-PA-10003441,Office Supplies,Paper,Xerox 226,8.67
OFF-PA-10003465,Office Supplies,Paper,Xerox 1912,9.67
OFF-PA-10003543,Office Supplies,Paper,Xerox 1985,9.67
OFF-PA-10003591,Office Supplies,Paper,Southworth 100% Cotton The Best Paper,36.67
OFF-PA-10003625,Office Supplies,Paper,Xerox 1979,9.67
OFF-PA-10003641,Office Supplies,Paper,Xerox 1909,9.67
OFF-PA-10003651,Office Supplies,Paper,Xerox 1968,9.67
OFF-PA-10003656,Office Supplies,Paper,Xerox 1935,9.67
OFF-PA-10003657,Office Supplies,Paper,Xerox 1927,9.67
OFF-PA-10003673,Office Supplies,Paper,Strathmore Photo Mount Cards,27.67
OFF-PA-10003724,Office Supplies,Paper,"Wirebound Message Book, 4 per Page",33.67
OFF-PA-10003729,Office Supplies,Paper,Xerox 1998,9.67
OFF-PA-10003739,Office Supplies,Paper,Xerox 1969,9.67
OFF-PA-10003790,Office Supplies,Paper,Xerox 1991,9.67
OFF-PA-10003797,Office Supplies,Paper,Xerox 209,8.67
OFF-PA-10003823,Office Supplies,Paper,Xerox 197,8.67
OFF-PA-10003845,Office Supplies,Paper,Xerox 1987,9.67
OFF-PA-10003848,Office Supplies,Paper,Xerox 1997,9.67
OFF-PA-10003883,Office Supplies,Paper,"Message Book, Phone, Wirebound Standard Line Memo, 2 3/4 X 5",59.67
OFF-PA-10003892,Office Supplies,Paper,Xerox 1943,9.67
OFF-PA-10003893,Office Supplies,Paper,Xerox 1962,9.67
OFF-PA-10003919,Office Supplies,Paper,Xerox 1989,9.67
OFF-PA-10003936,Office Supplies,Paper,Xerox 1994,9.67
OFF-PA-10003953,Office Supplies,Paper,Xerox 218,8.67
OFF-PA-10003971,Office Supplies,Paper,Xerox 1965,9.67
OFF-PA-10004000,Office Supplies,Paper,"While You Were Out Pads, 50 per Pad, 4 x 5 1/4, Green Cycle",58.67
OFF-PA-10004022,Office Supplies,Paper,Hammermill Color Copier Paper (28Lb. and 96 Bright),50.67
OFF-PA-10004039,Office Supplies,Paper,Xerox 1882,9.67
OFF-PA-10004040,Office Supplies,Paper,Universal Premium White Copier/Laser Paper (20Lb. and 87 Bright),63.67
OFF-PA-10004041,Office Supplies,Paper,"Its Hot Message Books with Stickers, 2 3/4 x 5",45.67
OFF-PA-10004071,Office Supplies,Paper,"Eaton Premium Continuous-Feed Paper, 25% Cotton, Letter Size, White, 1000 Shts/Box",81.67
OFF-PA-10004082,Office Supplies,Paper,"Adams Telephone Message Book w/Frequently-Called Numbers Space, 400 Messages per Book",84.67
OFF-PA-10004092,Office Supplies,Paper,Tops Green Bar Computer Printout Paper,37.67
OFF-PA-10004100,Office Supplies,Paper,Xerox 216,8.67
OFF-PA-10004101,Office Supplies,Paper,Xerox 1894,9.67
OFF-PA-10004156,Office Supplies,Paper,Xerox 188,8.67
OFF-PA-10004239,Office Supplies,Paper,Xerox 1953,9.67
OFF-PA-10004243,Office Supplies,Paper,Xerox 1939,9.67
OFF-PA-10004248,Office Supplies,Paper,Xerox 1990,9.67
OFF-PA-10004255,Office Supplies,Paper,Xerox 219,8.67
OFF-PA-10004285,Office Supplies,Paper,Xerox 1959,9.67
OFF-PA-10004327,Office Supplies,Paper,Xerox 1911,9.67
OFF-PA-10004353,Office Supplies,Paper,Southworth 25% Cotton Premium Laser Paper and Envelopes,54.67
OFF-PA-10004355,Office Supplies,Paper,Xerox 231,8.67
OFF-PA-10004359,Office Supplies,Paper,Multicolor Computer Printout Paper,33.67
OFF-PA-10004381,Office Supplies,Paper,14-7/8 x 11 Blue Bar Computer Printout Paper,43.67
OFF-PA-10004405,Office Supplies,Paper,Rediform Voice Mail Log Books,28.67
OFF-PA-10004438,Office Supplies,Paper,Xerox 1907,9.67
OFF-PA-10004451,Office Supplies,Paper,Xerox 222,8.67
OFF-PA-10004470,Office Supplies,Paper,"Adams Write n Stick Phone Message Book, 11 X 5 1/4, 200 Messages",63.67
OFF-PA-10004475,Office Supplies,Paper,Xerox 1940,9.67
OFF-PA-10004519,Office Supplies,Paper,Spiral Phone Message Books with Labels by Adams,46.67
OFF-PA-10004530,Office Supplies,Paper,Personal Creations Ink Jet Cards and Labels,42.67
OFF-PA-10004569,Office Supplies,Paper,"Wirebound Message Books, Two 4 1/4 x 5 Forms per Page",52.67
OFF-PA-10004609,Office Supplies,Paper,Xerox 221,8.67
OFF-PA-10004610,Office Supplies,Paper,Xerox 1900,9.67
OFF-PA-10004621,Office Supplies,Paper,Xerox 212,8.67
OFF-PA-10004665,Office Supplies,Paper,Advantus Motivational Note Cards,31.67
OFF-PA-10004675,Office Supplies,Paper,"Telephone Message Books with Fax/Mobile Section, 5 1/2 x 3 3/16",62.67
OFF-PA-10004733,Office Supplies,Paper,Things To Do Today Spiral Book,29.67
OFF-PA-10004734,Office Supplies,Paper,Southworth Structures Collection,31.67
OFF-PA-10004735,Office Supplies,Paper,Xerox 1905,9.67
OFF-PA-10004782,Office Supplies,Paper,Xerox 228,8.67
OFF-PA-10004888,Office Supplies,Paper,Xerox 217,8.67
OFF-PA-10004911,Office Supplies,Paper,"Rediform S.O.S. 1-Up Phone Message Bk, 4-1/4x3-1/16 Bk, 1 Form/Pg, 40 Messages/Bk, 3/Pk",86.67
OFF-PA-10004947,Office Supplies,Paper,Easy-staple paper,16.67
OFF-PA-10004948,Office Supplies,Paper,Xerox 190,8.67
OFF-PA-10004965,Office Supplies,Paper,Xerox 1921,9.67
OFF-PA-10004971,Office Supplies,Paper,Xerox 196,8.67
OFF-PA-10004983,Office Supplies,Paper,Xerox 23,7.67
OFF-PA-10004996,Office Supplies,Paper,Speediset Carbonless Redi-Letter 7 x 8 1/2,41.67
OFF-ST-10000025,Office Supplies,Storage,Fellowes Stor/Drawer Steel Plus Storage Drawers,46.53
OFF-ST-10000036,Office Supplies,Storage,"Recycled Data-Pak for Archival Bound Computer Printouts, 12-1/2 x 12-1/2 x 16",76.53
OFF-ST-10000046,Office Supplies,Storage,Fellowes Super Stor/Drawer Files,31.53
OFF-ST-10000060,Office Supplies,Storage,Fellowes Bankers Box Staxonsteel Drawer File/Stacking System,59.53
OFF-ST-10000078,Office Supplies,Storage,Tennsco 6- and 18-Compartment Lockers,36.53
OFF-ST-10000107,Office Supplies,Storage,Fellowes Super Stor/Drawer,25.53
OFF-ST-10000129,Office Supplies,Storage,Fellowes Recycled Storage Drawers,32.53
OFF-ST-10000136,Office Supplies,Storage,Letter Size File,15.53
OFF-ST-10000142,Office Supplies,Storage,Deluxe Rollaway Locking File with Drawer,39.53
OFF-ST-10000321,Office Supplies,Storage,Akro Stacking Bins,17.53
OFF-ST-10000344,Office Supplies,Storage,"Neat Ideas Personal Hanging Folder Files, Black",46.53
OFF-ST-10000352,Office Supplies,Storage,Acco Perma 2700 Stacking Storage Drawers,39.53
OFF-ST-10000419,Office Supplies,Storage,"Rogers Jumbo File, Granite",25.53
OFF-ST-10000464,Office Supplies,Storage,"Multi-Use Personal File Cart and Caster Set, Three Stacking Bins",63.53
OFF-ST-10000532,Office Supplies,Storage,Advantus Rolling Drawer Organizers,33.53
OFF-ST-10000563,Office Supplies,Storage,Fellowes Bankers Box Stor/Drawer Steel Plus,42.53
OFF-ST-10000585,Office Supplies,Storage,Economy Rollaway Files,21.53
OFF-ST-10000604,Office Supplies,Storage,Home/Office Personal File Carts,30.53
OFF-ST-10000615,Office Supplies,Storage,"SimpliFile Personal File, Black Granite, 15w x 6-15/16d x 11-1/4h",64.53
OFF-ST-10000617,Office Supplies,Storage,Woodgrain Magazine Files by Perma,32.53
OFF-ST-10000636,Office Supplies,Storage,Rogers Profile Extra Capacity Storage Tub,40.53
OFF-ST-10000642,Office Supplies,Storage,"Tennsco Lockers, Gray",20.53
OFF-ST-10000649,Office Supplies,Storage,Hanging Personal Folder File,27.53
OFF-ST-10000675,Office Supplies,Storage,"File Shuttle II and Handi-File, Black",36.53
OFF-ST-10000676,Office Supplies,Storage,Fellowes Econo/Stor Drawers,26.53
OFF-ST-10000689,Office Supplies,Storage,"Fellowes Strictly Business Drawer File, Letter/Legal Size",56.53
OFF-ST-10000736,Office Supplies,Storage,Carina Double Wide Media Storage Towers in Natural & Black,57.53
OFF-ST-10000760,Office Supplies,Storage,Eldon Fold N Roll Cart System,28.53
OFF-ST-10000777,Office Supplies,Storage,"Companion Letter/Legal File, Black",33.53
OFF-ST-10000798,Office Supplies,Storage,2300 Heavy-Duty Transfer File Systems by Perma,45.53
OFF-ST-10000876,Office Supplies,Storage,Eldon Simplefile Box Office,26.53
OFF-ST-10000877,Office Supplies,Storage,Recycled Steel Personal File for Standard File Folders,53.53
OFF-ST-10000885,Office Supplies,Storage,Fellowes Desktop Hanging File Manager,36.53
OFF-ST-10000918,Office Supplies,Storage,Crate-A-Files,12.53
OFF-ST-10000934,Office Supplies,Storage,Contico 72H Heavy-Duty Storage System,36.53
OFF-ST-10000943,Office Supplies,Storage,Eldon ProFile File N Store Portable File Tub Letter/Legal Size Black,67.53
OFF-ST-10000991,Office Supplies,Storage,Space Solutions HD Industrial Steel Shelving.,44.53
OFF-ST-10001031,Office Supplies,Storage,Adjustable Personal File Tote,28.53
OFF-ST-10001034,Office Supplies,Storage,Eldon File Chest Portable File,29.53
OFF-ST-10001097,Office Supplies,Storage,Office Impressions Heavy Duty Welded Shelving & Multimedia Storage Drawers,73.53
OFF-ST-10001128,Office Supplies,Storage,"Carina Mini System Audio Rack, Model AR050B",42.53
OFF-ST-10001172,Office Supplies,Storage,"Tennsco Lockers, Sand",20.53
OFF-ST-10001228,Office Supplies,Storage,"Fellowes Personal Hanging Folder Files, Navy",43.53
OFF-ST-10001272,Office Supplies,Storage,"Mini 13-1/2 Capacity Data Binder Rack, Pearl",43.53
OFF-ST-10001291,Office Supplies,Storage,"Tenex Personal Self-Stacking Standard File Box, Black/Gray",57.53
OFF-ST-10001321,Office Supplies,Storage,"Decoflex Hanging Personal Folder File, Blue",42.53
OFF-ST-10001325,Office Supplies,Storage,Sterilite Officeware Hinged File Box,35.53
OFF-ST-10001328,Office Supplies,Storage,"Personal Filing Tote with Lid, Black/Gray",40.53
OFF-ST-10001370,Office Supplies,Storage,Sensible Storage WireTech Storage Systems,40.53
OFF-ST-10001414,Office Supplies,Storage,Decoflex Hanging Personal Folder File,36.53
OFF-ST-10001418,Office Supplies,Storage,Carina Media Storage Towers in Natural & Black,45.53
OFF-ST-10001469,Office Supplies,Storage,Fellowes Bankers Box Recycled Super Stor/Drawer,46.53
OFF-ST-10001476,Office Supplies,Storage,Steel Personal Filing/Posting Tote,33.53
OFF-ST-10001490,Office Supplies,Storage,"Hot File 7-Pocket, Floor Stand",29.53
OFF-ST-10001496,Office Supplies,Storage,Standard Rollaway File with Lock,31.53
OFF-ST-10001505,Office Supplies,Storage,"Perma STOR-ALL Hanging File Box, 13 1/8W x 12 1/4D x 10 1/2H",59.53
OFF-ST-10001511,Office Supplies,Storage,Space Solutions Commercial Steel Shelving,40.53
OFF-ST-10001522,Office Supplies,Storage,"Gould Plastics 18-Pocket Panel Bin, 34w x 5-1/4d x 20-1/2h",57.53
OFF-ST-10001526,Office Supplies,Storage,Iceberg Mobile Mega Data/Printer Cart ,37.53
OFF-ST-10001558,Office Supplies,Storage,Acco Perma 4000 Stacking Storage Drawers,39.53
OFF-ST-10001580,Office Supplies,Storage,Super Decoflex Portable Personal File,36.53
OFF-ST-10001590,Office Supplies,Storage,"Tenex Personal Project File with Scoop Front Design, Black",57.53
OFF-ST-10001627,Office Supplies,Storage,Eldon Jumbo ProFile Portable File Boxes Graphite/Black,53.53
OFF-ST-10001713,Office Supplies,Storage,"Gould Plastics 9-Pocket Panel Bin, 18-3/8w x 5-1/4d x 20-1/2h, Black",67.53
OFF-ST-10001780,Office Supplies,Storage,Tennsco 16-Compartment Lockers with Coat Rack,44.53
OFF-ST-10001809,Office Supplies,Storage,Fellowes Officeware Wire Shelving,32.53
OFF-ST-10001837,Office Supplies,Storage,"SAFCO Mobile Desk Side File, Wire Frame",38.53
OFF-ST-10001932,Office Supplies,Storage,Fellowes Staxonsteel Drawer Files,32.53
OFF-ST-10001963,Office Supplies,Storage,Tennsco Regal Shelving Units,27.53
OFF-ST-10002011,Office Supplies,Storage,Smead Adjustable Mobile File Trolley with Lockable Top,53.53
OFF-ST-10002182,Office Supplies,Storage,"Iris 3-Drawer Stacking Bin, Black",32.53
OFF-ST-10002205,Office Supplies,Storage,File Shuttle I and Handi-File,28.53
OFF-ST-10002214,Office Supplies,Storage,X-Rack File for Hanging Folders,30.53
OFF-ST-10002276,Office Supplies,Storage,Safco Steel Mobile File Cart,27.53
OFF-ST-10002289,Office Supplies,Storage,"Safco Wire Cube Shelving System, For Use as 4 or 5 14 Cubes, Black",65.53
OFF-ST-10002292,Office Supplies,Storage,"Sauder Facets Collection Locker/File Cabinet, Sky Alder Finish",61.53
OFF-ST-10002301,Office Supplies,Storage,Tennsco Commercial Shelving,26.53
OFF-ST-10002344,Office Supplies,Storage,Carina 42Hx23 3/4W Media Storage Unit,36.53
OFF-ST-10002352,Office Supplies,Storage,Iris Project Case,16.53
OFF-ST-10002370,Office Supplies,Storage,"Sortfiler Multipurpose Personal File Organizer, Black",52.53
OFF-ST-10002406,Office Supplies,Storage,Pizazz Global Quick File,23.53
OFF-ST-10002444,Office Supplies,Storage,Recycled Eldon Regeneration Jumbo File,37.53
OFF-ST-10002485,Office Supplies,Storage,Rogers Deluxe File Chest,23.53
OFF-ST-10002486,Office Supplies,Storage,Eldon Shelf Savers Cubes and Bins,32.53
OFF-ST-10002554,Office Supplies,Storage,Tennsco Industrial Shelving,26.53
OFF-ST-10002562,Office Supplies,Storage,Staple magnet,12.53
OFF-ST-10002574,Office Supplies,Storage,"SAFCO Commercial Wire Shelving, Black",36.53
OFF-ST-10002583,Office Supplies,Storage,Fellowes Neat Ideas Storage Cubes,32.53
OFF-ST-10002615,Office Supplies,Storage,"Dual Level, Single-Width Filing Carts",36.53
OFF-ST-10002743,Office Supplies,Storage,SAFCO Boltless Steel Shelving,28.53
OFF-ST-10002756,Office Supplies,Storage,"Tennsco Stur-D-Stor Boltless Shelving, 5 Shelves, 24 Deep, Sand",62.53
OFF-ST-10002790,Office Supplies,Storage,Safco Industrial Shelving,24.53
OFF-ST-10002957,Office Supplies,Storage,Sterilite Show Offs Storage Containers,37.53
OFF-ST-10002974,Office Supplies,Storage,"Trav-L-File Heavy-Duty Shuttle II, Black",39.53
OFF-ST-10003058,Office Supplies,Storage,Eldon Mobile Mega Data Cart  Mega Stackable  Add-On Trays,56.53
OFF-ST-10003123,Office Supplies,Storage,Fellowes Bases and Tops For Staxonsteel/High-Stak Systems,56.53
OFF-ST-10003208,Office Supplies,Storage,Adjustable Depth Letter/Legal Cart,33.53
OFF-ST-10003221,Office Supplies,Storage,Staple magnet,12.53
OFF-ST-10003282,Office Supplies,Storage,"Advantus 10-Drawer Portable Organizer, Chrome Metal Frame, Smoke Drawers",71.53
OFF-ST-10003306,Office Supplies,Storage,Letter Size Cart,15.53
OFF-ST-10003324,Office Supplies,Storage,Belkin OmniView SE Rackmount Kit,31.53
OFF-ST-10003327,Office Supplies,Storage,Akro-Mils 12-Gallon Tote,23.53
OFF-ST-10003442,Office Supplies,Storage,Eldon Portable Mobile Manager,28.53
OFF-ST-10003455,Office Supplies,Storage,"Tenex File Box, Personal Filing Tote with Lid, Black",51.53
OFF-ST-10003470,Office Supplies,Storage,"Tennsco Snap-Together Open Shelving Units, Starter Sets and Add-On Units",71.53
OFF-ST-10003479,Office Supplies,Storage,"Eldon Base for stackable storage shelf, platinum",47.53
OFF-ST-10003572,Office Supplies,Storage,Portfile Personal File Boxes,27.53
OFF-ST-10003638,Office Supplies,Storage,Mobile Personal File Cube,24.53
OFF-ST-10003641,Office Supplies,Storage,Space Solutions Industrial Galvanized Steel Shelving.,52.53
OFF-ST-10003656,Office Supplies,Storage,Safco Industrial Wire Shelving,29.53
OFF-ST-10003692,Office Supplies,Storage,Recycled Steel Personal File for Hanging File Folders,52.53
OFF-ST-10003716,Office Supplies,Storage,Tennsco Double-Tier Lockers,26.53
OFF-ST-10003722,Office Supplies,Storage,Project Tote Personal File,25.53
OFF-ST-10003805,Office Supplies,Storage,"24 Capacity Maxi Data Binder Racks, Pearl",40.53
OFF-ST-10003816,Office Supplies,Storage,Fellowes High-Stak Drawer Files,30.53
OFF-ST-10003994,Office Supplies,Storage,"Belkin 19 Center-Weighted Shelf, Gray",36.53
OFF-ST-10003996,Office Supplies,Storage,"Letter/Legal File Tote with Clear Snap-On Lid, Black Granite",59.53
OFF-ST-10004123,Office Supplies,Storage,Safco Industrial Wire Shelving System,36.53
OFF-ST-10004180,Office Supplies,Storage,Safco Commercial Shelving,24.53
OFF-ST-10004186,Office Supplies,Storage,"Stur-D-Stor Shelving, Vertical 5-Shelf: 72H x 36W x 18 1/2D",58.53
OFF-ST-10004258,Office Supplies,Storage,Portable Personal File Box,25.53
OFF-ST-10004337,Office Supplies,Storage,"SAFCO Commercial Wire Shelving, 72h",34.53
OFF-ST-10004340,Office Supplies,Storage,"Fellowes Mobile File Cart, Black",31.53
OFF-ST-10004459,Office Supplies,Storage,Tennsco Single-Tier Lockers,26.53
OFF-ST-10004507,Office Supplies,Storage,Advantus Rolling Storage Box,27.53
OFF-ST-10004634,Office Supplies,Storage,"Personal Folder Holder, Ebony",28.53
OFF-ST-10004804,Office Supplies,Storage,"Belkin 19 Vented Equipment Shelf, Black",38.53
OFF-ST-10004835,Office Supplies,Storage,Plastic Stacking Crates & Casters,32.53
OFF-ST-10004946,Office Supplies,Storage,Desktop 3-Pocket Hot File,24.53
OFF-ST-10004950,Office Supplies,Storage,Acco Perma 3000 Stacking Storage Drawers,39.53
OFF-ST-10004963,Office Supplies,Storage,Eldon Gobal File Keepers,23.53
OFF-SU-10000151,Office Supplies,Supplies,High Speed Automatic Electric Letter Opener,42.47
OFF-SU-10000157,Office Supplies,Supplies,Compact Automatic Electric Letter Opener,39.47
OFF-SU-10000381,Office Supplies,Supplies,Acme Forged Steel Scissors with Black Enamel Handles,51.47
OFF-SU-10000432,Office Supplies,Supplies,Acco Side-Punched Conventional Columnar Pads,43.47
OFF-SU-10000646,Office Supplies,Supplies,Premier Automatic Letter Opener,30.47
OFF-SU-10000898,Office Supplies,Supplies,"Acme Hot Forged Carbon Steel Scissors with Nickel-Plated Handles, 3 7/8 Cut, 8L",78.47
OFF-SU-10000946,Office Supplies,Supplies,Staple remover,13.47
OFF-SU-10000952,Office Supplies,Supplies,Fiskars Home & Office Scissors,29.47
OFF-SU-10001165,Office Supplies,Supplies,Acme Elite Stainless Steel Scissors,34.47
OFF-SU-10001212,Office Supplies,Supplies,Kleencut Forged Office Shears by Acme United Corporation,55.47
OFF-SU-10001218,Office Supplies,Supplies,Fiskars Softgrip Scissors,24.47
OFF-SU-10001225,Office Supplies,Supplies,Staple remover,13.47
OFF-SU-10001574,Office Supplies,Supplies,Acme Value Line Scissors,23.47
OFF-SU-10001664,Office Supplies,Supplies,Acme Office Executive Series Stainless Steel Trimmers,52.47
OFF-SU-10001935,Office Supplies,Supplies,Staple remover,13.47
OFF-SU-10002189,Office Supplies,Supplies,Acme Rosewood Handle Letter Opener,33.47
OFF-SU-10002301,Office Supplies,Supplies,Serrated Blade or Curved Handle Hand Letter Openers,50.47
OFF-SU-10002503,Office Supplies,Supplies,Acme Preferred Stainless Steel Scissors,38.47
OFF-SU-10002522,Office Supplies,Supplies,Acme Kleen Earth Office Shears,29.47
OFF-SU-10002537,Office Supplies,Supplies,Acme Box Cutter Scissors,23.47
OFF-SU-10002557,Office Supplies,Supplies,Fiskars Spring-Action Scissors,29.47
OFF-SU-10002573,Office Supplies,Supplies,Acme 10 Easy Grip Assistive Scissors,35.47
OFF-SU-10002881,Office Supplies,Supplies,Martin Yale Chadless Opener Electric Letter Opener,49.47
OFF-SU-10003002,Office Supplies,Supplies,Letter Slitter,13.47
OFF-SU-10003505,Office Supplies,Supplies,Premier Electric Letter Opener,29.47
OFF-SU-10003567,Office Supplies,Supplies,Stiletto Hand Letter Openers,27.47
OFF-SU-10003936,Office Supplies,Supplies,Acme Serrated Blade Letter Opener,32.47
OFF-SU-10004115,Office Supplies,Supplies,Acme Stainless Steel Office Snips,32.47
OFF-SU-10004231,Office Supplies,Supplies,Acme Tagit Stainless Steel Antibacterial Scissors,48.47
OFF-SU-10004261,Office Supplies,Supplies,"Fiskars 8 Scissors, 2/Pack",25.47
OFF-SU-10004290,Office Supplies,Supplies,"Acme Design Line 8 Stainless Steel Bent Scissors w/Champagne Handles, 3-1/8 Cut",78.47
OFF-SU-10004498,Office Supplies,Supplies,Martin-Yale Premier Letter Opener,32.47
OFF-SU-10004661,Office Supplies,Supplies,Acme Titanium Bonded Scissors,28.47
OFF-SU-10004664,Office Supplies,Supplies,Acme Softgrip Scissors,21.47
OFF-SU-10004737,Office Supplies,Supplies,Acme Design Stainless Steel Bent Scissors,40.47
OFF-SU-10004768,Office Supplies,Supplies,Acme Kleencut Forged Steel Scissors,34.47
OFF-SU-10004782,Office Supplies,Supplies,Elite 5 Scissors,15.47
OFF-SU-10004884,Office Supplies,Supplies,Acme Galleria Hot Forged Steel Scissors with Colored Handles,59.47
TEC-AC-10000023,Technology,Accessories,"Maxell 74 Minute CD-R Spindle, 50/Pack",36.90
TEC-AC-10000057,Technology,Accessories,Microsoft Natural Ergonomic Keyboard 4000,39.90
TEC-AC-10000109,Technology,Accessories,Sony Micro Vault Click 16 GB USB 2.0 Flash Drive,46.90
TEC-AC-10000158,Technology,Accessories,Sony 64GB Class 10 Micro SDHC R40 Memory Card,43.90
TEC-AC-10000171,Technology,Accessories,"Verbatim 25 GB 6x Blu-ray Single Layer Recordable Disc, 25/Pack",61.90
TEC-AC-10000199,Technology,Accessories,Kingston Digital DataTraveler 8GB USB 2.0,39.90
TEC-AC-10000290,Technology,Accessories,Sabrent 4-Port USB 2.0 Hub,24.90
TEC-AC-10000303,Technology,Accessories,Logitech M510 Wireless Mouse,26.90
TEC-AC-10000358,Technology,Accessories,Imation Secure Drive + Hardware Encrypted USB flash drive - 16 GB,63.90
TEC-AC-10000387,Technology,Accessories,KeyTronic KT800P2 - Keyboard - Black,34.90
TEC-AC-10000397,Technology,Accessories,"Perixx PERIBOARD-512B, Ergonomic Split Keyboard",45.90
TEC-AC-10000420,Technology,Accessories,Logitech G500s Laser Gaming Mouse with Adjustable Weight Tuning,61.90
TEC-AC-10000474,Technology,Accessories,Kensington Expert Mouse Optical USB Trackball for PC or Mac,57.90
TEC-AC-10000487,Technology,Accessories,SanDisk Cruzer 4 GB USB Flash Drive,33.90
TEC-AC-10000521,Technology,Accessories,"Verbatim Slim CD and DVD Storage Cases, 50/Pack",45.90
TEC-AC-10000580,Technology,Accessories,Logitech G13 Programmable Gameboard with LCD Display,50.90
TEC-AC-10000682,Technology,Accessories,Kensington K72356US Mouse-in-a-Box USB Desktop Mouse,50.90
TEC-AC-10000710,Technology,Accessories,Maxell DVD-RAM Discs,18.90
TEC-AC-10000736,Technology,Accessories,Logitech G600 MMO Gaming Mouse,28.90
TEC-AC-10000844,Technology,Accessories,Logitech Gaming G510s - Keyboard,30.90
TEC-AC-10000865,Technology,Accessories,WD My Passport Ultra 500GB Portable External Hard Drive,53.90
TEC-AC-10000892,Technology,Accessories,NETGEAR N750 Dual Band Wi-Fi Gigabit Router,41.90
TEC-AC-10000926,Technology,Accessories,NETGEAR RangeMax WNR1000 Wireless Router,38.90
TEC-AC-10000927,Technology,Accessories,Anker Ultrathin Bluetooth Wireless Keyboard Aluminum Cover with Stand ,68.90
TEC-AC-10000990,Technology,Accessories,Imation Bio 2GB USB Flash Drive Imation Corp,42.90
TEC-AC-10000991,Technology,Accessories,Sony Micro Vault Click 8 GB USB 2.0 Flash Drive,45.90
TEC-AC-10001013,Technology,Accessories,Logitech ClearChat Comfort/USB Headset H390,41.90
TEC-AC-10001090,Technology,Accessories,Micro Innovations Wireless Classic Keyboard with Mouse,52.90
TEC-AC-10001101,Technology,Accessories,Sony 16GB Class 10 Micro SDHC R40 Memory Card,43.90
TEC-AC-10001109,Technology,Accessories,Logitech Trackman Marble Mouse,28.90
TEC-AC-10001114,Technology,Accessories,Microsoft Wireless Mobile Mouse 4000,34.90
TEC-AC-10001142,Technology,Accessories,First Data FD10 PIN Pad,21.90
TEC-AC-10001266,Technology,Accessories,Memorex Micro Travel Drive 8 GB,29.90
TEC-AC-10001267,Technology,Accessories,Imation 32GB Pocket Pro USB 3.0 Flash Drive - 32 GB - Black - 1 P ...,67.90
TEC-AC-10001284,Technology,Accessories,Enermax Briskie RF Wireless Keyboard and Mouse Combo,50.90
TEC-AC-10001314,Technology,Accessories,Case Logic 2.4GHz Wireless Keyboard,33.90
TEC-AC-10001383,Technology,Accessories,Logitech Wireless Touch Keyboard K400,35.90
TEC-AC-10001432,Technology,Accessories,Enermax Aurora Lite Keyboard,26.90
TEC-AC-10001445,Technology,Accessories,Imation USB 2.0 Swivel Flash Drive USB flash drive - 4 GB - Pink,62.90
TEC-AC-10001465,Technology,Accessories,SanDisk Cruzer 64 GB USB Flash Drive,34.90
TEC-AC-10001539,Technology,Accessories,Logitech G430 Surround Sound Gaming Headset with Dolby 7.1 Technology,67.90
TEC-AC-10001542,Technology,Accessories,SanDisk Cruzer 16 GB USB Flash Drive,34.90
TEC-AC-10001552,Technology,Accessories,Logitech K350 2.4Ghz Wireless Keyboard,36.90
TEC-AC-10001553,Technology,Accessories,"Memorex 25GB 6X Branded Blu-Ray Recordable Disc, 15/Pack",54.90
TEC-AC-10001590,Technology,Accessories,Dell Slim USB Multimedia Keyboard,31.90
TEC-AC-10001606,Technology,Accessories,Logitech Wireless Performance Mouse MX for PC and Mac,51.90
TEC-AC-10001635,Technology,Accessories,KeyTronic KT400U2 - Keyboard - Black,34.90
TEC-AC-10001714,Technology,Accessories,Logitech MX Performance Wireless Mouse,36.90
TEC-AC-10001767,Technology,Accessories,SanDisk Ultra 64 GB MicroSDHC Class 10 Memory Card,48.90
TEC-AC-10001772,Technology,Accessories,Memorex Mini Travel Drive 16 GB USB 2.0 Flash Drive,49.90
TEC-AC-10001838,Technology,Accessories,Razer Tiamat Over Ear 7.1 Surround Sound PC Gaming Headset,56.90
TEC-AC-10001874,Technology,Accessories,Logitech Wireless Anywhere Mouse MX for PC and Mac,48.90
TEC-AC-10001908,Technology,Accessories,Logitech Wireless Headset h800,28.90
TEC-AC-10001956,Technology,Accessories,Microsoft Arc Touch Mouse,23.90
TEC-AC-10001990,Technology,Accessories,Kensington Orbit Wireless Mobile Trackball for PC and Mac,55.90
TEC-AC-10001998,Technology,Accessories,Logitech LS21 Speaker System - PC Multimedia - 2.1-CH - Wired,59.90
TEC-AC-10002001,Technology,Accessories,Logitech Wireless Gaming Headset G930,35.90
TEC-AC-10002006,Technology,Accessories,Memorex Micro Travel Drive 16 GB,30.90
TEC-AC-10002018,Technology,Accessories,AmazonBasics 3-Button USB Wired Mouse,35.90
TEC-AC-10002049,Technology,Accessories,Logitech G19 Programmable Gaming Keyboard,39.90
TEC-AC-10002076,Technology,Accessories,Microsoft Natural Keyboard Elite,30.90
TEC-AC-10002134,Technology,Accessories,Rosewill 107 Normal Keys USB Wired Standard Keyboard,50.90
TEC-AC-10002167,Technology,Accessories,Imation 8gb Micro Traveldrive Usb 2.0 Flash Drive,47.90
TEC-AC-10002217,Technology,Accessories,Imation Clip USB flash drive - 8 GB,33.90
TEC-AC-10002253,Technology,Accessories,Imation Bio 8GB USB Flash Drive Imation Corp,42.90
TEC-AC-10002305,Technology,Accessories,KeyTronic E03601U1 - Keyboard - Beige,35.90
TEC-AC-10002323,Technology,Accessories,SanDisk Ultra 32 GB MicroSDHC Class 10 Memory Card,48.90
TEC-AC-10002331,Technology,Accessories,"Maxell 74 Minute CDR, 10/Pack",27.90
TEC-AC-10002335,Technology,Accessories,Logitech Media Keyboard K200,26.90
TEC-AC-10002345,Technology,Accessories,HP Standard 104 key PS/2 Keyboard,31.90
TEC-AC-10002370,Technology,Accessories,Maxell CD-R Discs,15.90
TEC-AC-10002380,Technology,Accessories,Sony 8GB Class 10 Micro SDHC R40 Memory Card,42.90
TEC-AC-10002399,Technology,Accessories,SanDisk Cruzer 32 GB USB Flash Drive,34.90
TEC-AC-10002402,Technology,Accessories,Razer Kraken PRO Over Ear PC and Music Headset,44.90
TEC-AC-10002473,Technology,Accessories,Maxell 4.7GB DVD-R,16.90
TEC-AC-10002550,Technology,Accessories,Maxell 4.7GB DVD-RW 3/Pack,24.90
TEC-AC-10002558,Technology,Accessories,Imation Swivel Flash Drive USB flash drive - 8 GB,47.90
TEC-AC-10002567,Technology,Accessories,Logitech G602 Wireless Gaming Mouse,33.90
TEC-AC-10002600,Technology,Accessories,Belkin QODE FastFit Bluetooth Keyboard,36.90
TEC-AC-10002637,Technology,Accessories,Logitech VX Revolution Cordless Laser Mouse for Notebooks (Black),63.90
TEC-AC-10002647,Technology,Accessories,"Logitech Wireless Boombox Speaker - portable - wireless, wired",60.90
TEC-AC-10002718,Technology,Accessories,Belkin Standard 104 key USB Keyboard,34.90
TEC-AC-10002800,Technology,Accessories,Plantronics Audio 478 Stereo USB Headset,38.90
TEC-AC-10002842,Technology,Accessories,WD My Passport Ultra 2TB Portable External Hard Drive,51.90
TEC-AC-10002857,Technology,Accessories,"Verbatim 25 GB 6x Blu-ray Single Layer Recordable Disc, 1/Pack",60.90
TEC-AC-10002926,Technology,Accessories,Logitech Wireless Marathon Mouse M705,35.90
TEC-AC-10002942,Technology,Accessories,WD My Passport Ultra 1TB Portable External Hard Drive,51.90
TEC-AC-10003023,Technology,Accessories,Logitech G105 Gaming Keyboard,27.90
TEC-AC-10003027,Technology,Accessories,Imation 8GB Mini TravelDrive USB 2.0 Flash Drive,46.90
TEC-AC-10003033,Technology,Accessories,Plantronics CS510 - Over-the-Head monaural Wireless Headset System,64.90
TEC-AC-10003038,Technology,Accessories,Kingston Digital DataTraveler 16GB USB 2.0,40.90
TEC-AC-10003063,Technology,Accessories,Micro Innovations USB RF Wireless Keyboard with Mouse,51.90
TEC-AC-10003095,Technology,Accessories,Logitech G35 7.1-Channel Surround Sound Headset,45.90
TEC-AC-10003116,Technology,Accessories,Memorex Froggy Flash Drive 8 GB,29.90
TEC-AC-10003133,Technology,Accessories,Memorex Mini Travel Drive 4 GB USB 2.0 Flash Drive,48.90
TEC-AC-10003174,Technology,Accessories,Plantronics S12 Corded Telephone Headset System,45.90
TEC-AC-10003198,Technology,Accessories,Enermax Acrylux Wireless Keyboard,31.90
TEC-AC-10003237,Technology,Accessories,Memorex Micro Travel Drive 4 GB,29.90
TEC-AC-10003280,Technology,Accessories,Belkin F8E887 USB Wired Ergonomic Keyboard,40.90
TEC-AC-10003289,Technology,Accessories,Anker Ultra-Slim Mini Bluetooth 3.0 Wireless Keyboard,51.90
TEC-AC-10003399,Technology,Accessories,Memorex Mini Travel Drive 64 GB USB 2.0 Flash Drive,49.90
TEC-AC-10003433,Technology,Accessories,Maxell 4.7GB DVD+R 5/Pack,23.90
TEC-AC-10003441,Technology,Accessories,Kingston Digital DataTraveler 32GB USB 2.0,40.90
TEC-AC-10003447,Technology,Accessories,Micropad Numeric Keypads,22.90
TEC-AC-10003499,Technology,Accessories,Memorex Mini Travel Drive 8 GB USB 2.0 Flash Drive,48.90
TEC-AC-10003590,Technology,Accessories,"TRENDnet 56K USB 2.0 Phone, Internet and Fax Modem",48.90
TEC-AC-10003610,Technology,Accessories,Logitech Illuminated - Keyboard,29.90
TEC-AC-10003614,Technology,Accessories,"Verbatim 25 GB 6x Blu-ray Single Layer Recordable Disc, 10/Pack",61.90
TEC-AC-10003628,Technology,Accessories,Logitech 910-002974 M325 Wireless Mouse for Web Scrolling,55.90
TEC-AC-10003657,Technology,Accessories,Lenovo 17-Key USB Numeric Keypad,30.90
TEC-AC-10003709,Technology,Accessories,Maxell 4.7GB DVD-R 5/Pack,23.90
TEC-AC-10003832,Technology,Accessories,Logitech P710e Mobile Speakerphone,32.90
TEC-AC-10003870,Technology,Accessories,Logitech Z-906 Speaker sys - home theater - 5.1-CH,48.90
TEC-AC-10003911,Technology,Accessories,NETGEAR AC1750 Dual Band Gigabit Smart WiFi Router,48.90
TEC-AC-10004001,Technology,Accessories,Logitech Wireless Headset H600 Over-The-Head Design,49.90
TEC-AC-10004114,Technology,Accessories,KeyTronic 6101 Series - Keyboard - Black,38.90
TEC-AC-10004127,Technology,Accessories,SanDisk Cruzer 8 GB USB Flash Drive,33.90
TEC-AC-10004145,Technology,Accessories,Logitech diNovo Edge Keyboard,27.90
TEC-AC-10004171,Technology,Accessories,Razer Kraken 7.1 Surround Sound Over Ear USB Gaming Headset,57.90
TEC-AC-10004209,Technology,Accessories,Memorex Froggy Flash Drive 4 GB,29.90
TEC-AC-10004227,Technology,Accessories,SanDisk Ultra 16 GB MicroSDHC Class 10 Memory Card,48.90
TEC-AC-10004353,Technology,Accessories,Hypercom P1300 Pinpad,19.90
TEC-AC-10004396,Technology,Accessories,Logitech Keyboard K120,20.90
TEC-AC-10004420,Technology,Accessories,Cherry 142-key Programmable Keyboard,34.90
TEC-AC-10004469,Technology,Accessories,Microsoft Sculpt Comfort Mouse,28.90
TEC-AC-10004510,Technology,Accessories,Logitech Desktop MK120 Mouse and keyboard Combo,45.90
TEC-AC-10004518,Technology,Accessories,Memorex Mini Travel Drive 32 GB USB 2.0 Flash Drive,49.90
TEC-AC-10004568,Technology,Accessories,Maxell LTO Ultrium - 800 GB,25.90
TEC-AC-10004571,Technology,Accessories,Logitech G700s Rechargeable Gaming Mouse,38.90
TEC-AC-10004595,Technology,Accessories,First Data TMFD35 PIN Pad,23.90
TEC-AC-10004633,Technology,Accessories,"Verbatim 25 GB 6x Blu-ray Single Layer Recordable Disc, 3/Pack",60.90
TEC-AC-10004659,Technology,Accessories,Imation Secure+ Hardware Encrypted USB 2.0 Flash Drive; 16GB,58.90
TEC-AC-10004666,Technology,Accessories,Maxell iVDR EX 500GB Cartridge,28.90
TEC-AC-10004708,Technology,Accessories,Sony 32GB Class 10 Micro SDHC R40 Memory Card,43.90
TEC-AC-10004761,Technology,Accessories,Maxell 4.7GB DVD+RW 3/Pack,24.90
TEC-AC-10004803,Technology,Accessories,Sony Micro Vault Click 4 GB USB 2.0 Flash Drive,45.90
TEC-AC-10004814,Technology,Accessories,Logitech Illuminated Ultrathin Keyboard with Backlighting,55.90
TEC-AC-10004855,Technology,Accessories,V7 USB Numeric Keypad,19.90
TEC-AC-10004859,Technology,Accessories,"Maxell Pro 80 Minute CD-R, 10/Pack",32.90
TEC-AC-10004864,Technology,Accessories,Memorex Micro Travel Drive 32 GB,30.90
TEC-AC-10004877,Technology,Accessories,Imation 30456 USB Flash Drive 8GB,31.90
TEC-AC-10004901,Technology,Accessories,Kensington SlimBlade Notebook Wireless Mouse with Nano Receiver ,62.90
TEC-AC-10004975,Technology,Accessories,Plantronics Audio 995 Wireless Stereo Headset,43.90
TEC-AC-10004992,Technology,Accessories,Kingston Digital DataTraveler 64GB USB 2.0,40.90
TEC-CO-10000971,Technology,Copiers,Hewlett Packard 310 Color Digital Copier,39.30
TEC-CO-10001046,Technology,Copiers,Canon Imageclass D680 Copier / Fax,33.30
TEC-CO-10001449,Technology,Copiers,Hewlett Packard LaserJet 3310 Copier,35.30
TEC-CO-10001571,Technology,Copiers,Sharp 1540cs Digital Laser Copier,32.30
TEC-CO-10001766,Technology,Copiers,Canon PC940 Copier,17.30
TEC-CO-10001943,Technology,Copiers,Canon PC-428 Personal Copier,27.30
TEC-CO-10002095,Technology,Copiers,Hewlett Packard 610 Color Digital Copier / Printer,49.30
TEC-CO-10002313,Technology,Copiers,Canon PC1080F Personal Copier,28.30
TEC-CO-10003236,Technology,Copiers,Canon Image Class D660 Copier,28.30
TEC-CO-10003763,Technology,Copiers,Canon PC1060 Personal Laser Copier,33.30
TEC-CO-10004115,Technology,Copiers,Sharp AL-1530CS Digital Copier,29.30
TEC-CO-10004202,Technology,Copiers,Brother DCP1000 Digital 3 in 1 Multifunction Machine,51.30
TEC-CO-10004722,Technology,Copiers,Canon imageCLASS 2200 Advanced Copier,36.30
TEC-MA-10000010,Technology,Machines,Hewlett-Packard Deskjet 3050a All-in-One Color Inkjet Printer,60.20
TEC-MA-10000029,Technology,Machines,"Epson WorkForce WF-2530 All-in-One Printer, Copier Scanner",57.20
TEC-MA-10000045,Technology,Machines,Zebra ZM400 Thermal Label Printer,32.20
TEC-MA-10000112,Technology,Machines,Panasonic KX MB2061 Multifunction Printer,40.20
TEC-MA-10000418,Technology,Machines,Cubify CubeX 3D Printer Double Head Print,40.20
TEC-MA-10000423,Technology,Machines,Texas Instruments TI-34 Scientific Calculator,44.20
TEC-MA-10000488,Technology,Machines,Bady BDG101FRU Card Printer,26.20
TEC-MA-10000597,Technology,Machines,Lexmark S315 Color Inkjet Printer,32.20
TEC-MA-10000752,Technology,Machines,Texas Instrument TI-15 Fraction Calculator,41.20
TEC-MA-10000822,Technology,Machines,Lexmark MX611dhe Monochrome Laser Printer,40.20
TEC-MA-10000864,Technology,Machines,Cisco 9971 IP Video Phone Charcoal,33.20
TEC-MA-10000904,Technology,Machines,"Brother MFC-9340CDW LED All-In-One Printer, Copier Scanner",57.20
TEC-MA-10000984,Technology,Machines,Okidata MB760 Printer,20.20
TEC-MA-10001016,Technology,Machines,Canon PC170 Desktop Personal Copier,34.20
TEC-MA-10001031,Technology,Machines,Socket Bluetooth Cordless Hand Scanner (CHS),43.20
TEC-MA-10001047,Technology,Machines,"3D Systems Cube Printer, 2nd Generation, Magenta",47.20
TEC-MA-10001127,Technology,Machines,HP Designjet T520 Inkjet Large Format Printer - 24 Color,55.20
TEC-MA-10001148,Technology,Machines,Swingline SM12-08 MicroCut Jam Free Shredder,43.20
TEC-MA-10001570,Technology,Machines,Cisco Desktop Collaboration Experience DX650 IP Video Phone,58.20
TEC-MA-10001681,Technology,Machines,Lexmark MarkNet N8150 Wireless Print Server,42.20
TEC-MA-10001695,Technology,Machines,Zebra GK420t Direct Thermal/Thermal Transfer Printer,51.20
TEC-MA-10001856,Technology,Machines,Okidata C610n Printer,20.20
TEC-MA-10001972,Technology,Machines,Okidata C331dn Printer,21.20
TEC-MA-10002073,Technology,Machines,"3D Systems Cube Printer, 2nd Generation, White",45.20
TEC-MA-10002109,Technology,Machines,"HP Officejet Pro 8600 e-All-In-One Printer, Copier, Scanner, Fax",63.20
TEC-MA-10002178,Technology,Machines,Cisco CP-7937G Unified IP Conference Station Phone,49.20
TEC-MA-10002210,Technology,Machines,Epson TM-T88V Direct Thermal Printer - Monochrome - Desktop,58.20
TEC-MA-10002412,Technology,Machines,Cisco TelePresence System EX90 Videoconferencing Unit,52.20
TEC-MA-10002428,Technology,Machines,Fellowes Powershred HS-440 4-Sheet High Security Shredder,56.20
TEC-MA-10002694,Technology,Machines,Hewlett-Packard Deskjet F4180 All-in-One Color Ink-jet - Printer / copier / scanner,82.20
TEC-MA-10002790,Technology,Machines,NeatDesk Desktop Scanner & Digital Filing System,47.20
TEC-MA-10002859,Technology,Machines,Ativa MDM8000 8-Sheet Micro-Cut Shredder,39.20
TEC-MA-10002927,Technology,Machines,Canon imageCLASS MF7460 Monochrome Digital Laser Multifunction Copier,68.20
TEC-MA-10002930,Technology,Machines,Ricoh - Ink Collector Unit for GX3000 Series Printers,52.20
TEC-MA-10002937,Technology,Machines,"Canon Color ImageCLASS MF8580Cdw Wireless Laser All-In-One Printer, Copier, Scanner",82.20
TEC-MA-10002981,Technology,Machines,I.R.I.S IRISCard Anywhere 5 Card Scanner,39.20
TEC-MA-10003066,Technology,Machines,Wasp CCD Handheld Bar Code Reader,32.20
TEC-MA-10003173,Technology,Machines,Hewlett-Packard 300S Scientific Calculator,41.20
TEC-MA-10003176,Technology,Machines,Okidata B400 Printer,19.20
TEC-MA-10003183,Technology,Machines,DYMO CardScan Personal V9 Business Card Scanner,46.20
TEC-MA-10003230,Technology,Machines,Okidata C610n Printer,20.20
TEC-MA-10003246,Technology,Machines,Hewlett-Packard Deskjet D4360 Printer,36.20
TEC-MA-10003329,Technology,Machines,"Vtech AT&T CL2940 Corded Speakerphone, Black",43.20
TEC-MA-10003337,Technology,Machines,Okidata B401 Printer,19.20
TEC-MA-10003353,Technology,Machines,Xerox WorkCentre 6505DN Laser Multifunction Printer,50.20
TEC-MA-10003356,Technology,Machines,Panasonic KX MC6040 Color Laser Multifunction Printer,52.20
TEC-MA-10003493,Technology,Machines,Penpower WorldCard Pro Card Scanner,34.20
TEC-MA-10003589,Technology,Machines,Cisco 8961 IP Phone Charcoal,27.20
TEC-MA-10003626,Technology,Machines,Hewlett-Packard Deskjet 6540 Color Inkjet Printer,48.20
TEC-MA-10003673,Technology,Machines,Hewlett-Packard Desktjet 6988DT Refurbished Printer,50.20
TEC-MA-10003674,Technology,Machines,Hewlett-Packard Deskjet 5550 Printer,35.20
TEC-MA-10003979,Technology,Machines,Ativa V4110MDD Micro-Cut Shredder,32.20
TEC-MA-10004002,Technology,Machines,Zebra GX420t Direct Thermal/Thermal Transfer Printer,51.20
TEC-MA-10004086,Technology,Machines,Plantronics Single Ear Headset,29.20
TEC-MA-10004125,Technology,Machines,Cubify CubeX 3D Printer Triple Head Print,40.20
TEC-MA-10004212,Technology,Machines,Cisco SPA525G2 5-Line IP Phone,29.20
TEC-MA-10004241,Technology,Machines,Star Micronics TSP800 TSP847IIU Receipt Printer,46.20
TEC-MA-10004255,Technology,Machines,Konica Minolta magicolor 1690MF Multifunction Printer,52.20
TEC-MA-10004458,Technology,Machines,Lexmark X 9575 Professional All-in-One Color Printer,51.20
TEC-MA-10004521,Technology,Machines,Epson Perfection V600 Photo Scanner,34.20
TEC-MA-10004552,Technology,Machines,Star Micronics TSP100 TSP143LAN Receipt Printer,46.20
TEC-MA-10004626,Technology,Machines,Lexmark 20R1285 X6650 Wireless All-in-One Printer,48.20
TEC-MA-10004679,Technology,Machines,StarTech.com 10/100 VDSL2 Ethernet Extender Kit,46.20
TEC-PH-10000004,Technology,Phones,Belkin iPhone and iPad Lightning Cable,37.40
TEC-PH-10000011,Technology,Phones,PureGear Roll-On Screen Protector,32.40
TEC-PH-10000038,Technology,Phones,Jawbone MINI JAMBOX Wireless Bluetooth Speaker,45.40
TEC-PH-10000127,Technology,Phones,iOttie XL Car Mount,18.40
TEC-PH-10000141,Technology,Phones,Clearsounds A400,15.40
TEC-PH-10000148,Technology,Phones,Cyber Acoustics AC-202b Speech Recognition Stereo Headset,56.40
TEC-PH-10000149,Technology,Phones,Cisco SPA525G2 IP Phone - Wireless,33.40
TEC-PH-10000169,Technology,Phones,ARKON Windshield Dashboard Air Vent Car Mount Holder,51.40
TEC-PH-10000193,Technology,Phones,Jensen SMPS-640 - speaker phone,30.40
TEC-PH-10000213,Technology,Phones,Seidio BD2-HK3IPH5-BK DILEX Case and Holster Combo for Apple iPhone 5/5s - Black,79.40
TEC-PH-10000215,Technology,Phones,Plantronics Cordless Phone Headset with In-line Volume - M214C,61.40
TEC-PH-10000307,Technology,Phones,Shocksock Galaxy S4 Armband,26.40
TEC-PH-10000347,Technology,Phones,Cush Cases Heavy Duty Rugged Cover Case for Samsung Galaxy S5 - Purple,69.40
TEC-PH-10000369,Technology,Phones,HTC One Mini,11.40
TEC-PH-10000376,Technology,Phones,Square Credit Card Reader,24.40
TEC-PH-10000439,Technology,Phones,GE DSL Phone Line Filter,23.40
TEC-PH-10000441,Technology,Phones,VTech DS6151,11.40
TEC-PH-10000455,Technology,Phones,GE 30522EE2,10.40
TEC-PH-10000486,Technology,Phones,Plantronics HL10 Handset Lifter,30.40
TEC-PH-10000526,Technology,Phones,Vtech CS6719,11.40
TEC-PH-10000560,Technology,Phones,Samsung Galaxy S III - 16GB - pebble blue (T-Mobile),51.40
TEC-PH-10000562,Technology,Phones,Samsung Convoy 3,15.40
TEC-PH-10000576,Technology,Phones,AT&T 1080 Corded phone,21.40
TEC-PH-10000586,Technology,Phones,AT&T SB67148 SynJ,16.40
TEC-PH-10000673,Technology,Phones,Plantronics Voyager Pro HD - Bluetooth Headset,45.40
TEC-PH-10000675,Technology,Phones,Panasonic KX TS3282B Corded phone,32.40
TEC-PH-10000702,Technology,Phones,"Square Credit Card Reader, 4 1/2 x 4 1/2 x 1, White",50.40
TEC-PH-10000730,Technology,Phones,Samsung Galaxy S4 Active,23.40
TEC-PH-10000895,Technology,Phones,Polycom VVX 310 VoIP phone,25.40
TEC-PH-10000912,Technology,Phones,Anker 24W Portable Micro USB Car Charger,39.40
TEC-PH-10000923,Technology,Phones,"Belkin SportFit Armband For iPhone 5s/5c, Fuchsia",48.40
TEC-PH-10000984,Technology,Phones,Panasonic KX-TG9471B,19.40
TEC-PH-10001051,Technology,Phones,HTC One,6.40
TEC-PH-10001061,Technology,Phones,Apple iPhone 5C,14.40
TEC-PH-10001079,Technology,Phones,Polycom SoundPoint Pro SE-225 Corded phone,41.40
TEC-PH-10001128,Technology,Phones,Motorola Droid Maxx,18.40
TEC-PH-10001198,Technology,Phones,Avaya 4621SW VoIP phone,22.40
TEC-PH-10001254,Technology,Phones,Jabra BIZ 2300 Duo QD Duo Corded Headset,39.40
TEC-PH-10001299,Technology,Phones,Polycom CX300 Desktop Phone USB VoIP phone,41.40
TEC-PH-10001300,Technology,Phones,"iKross Bluetooth Portable Keyboard + Cell Phone Stand Holder + Brush for Apple iPhone 5S 5C 5, 4S 4",98.40
TEC-PH-10001305,Technology,Phones,Panasonic KX TS208W Corded phone,31.40
TEC-PH-10001336,Technology,Phones,Digium D40 VoIP phone,20.40
TEC-PH-10001363,Technology,Phones,Apple iPhone 5S,14.40
TEC-PH-10001425,Technology,Phones,Mophie Juice Pack Helium for iPhone,34.40
TEC-PH-10001433,Technology,Phones,Cisco Small Business SPA 502G VoIP phone,39.40
TEC-PH-10001448,Technology,Phones,Anker Astro 15000mAh USB Portable Charger,40.40
TEC-PH-10001459,Technology,Phones,Samsung Galaxy Mega 6.3,22.40
TEC-PH-10001468,Technology,Phones,Panasonic Business Telephones KX-T7736,37.40
TEC-PH-10001494,Technology,Phones,Polycom CX600 IP Phone VoIP phone,32.40
TEC-PH-10001527,Technology,Phones,Plantronics MX500i Earset,24.40
TEC-PH-10001530,Technology,Phones,Cisco Unified IP Phone 7945G VoIP phone,38.40
TEC-PH-10001536,Technology,Phones,Spigen Samsung Galaxy S5 Case Wallet,35.40
TEC-PH-10001552,Technology,Phones,I Needs 3d Hello Kitty Hybrid Silicone Case Cover for HTC One X 4g with 3d Hello Kitty Stylus Pen Gr,107.40
TEC-PH-10001557,Technology,Phones,Pyle PMP37LED,12.40
TEC-PH-10001578,Technology,Phones,Polycom SoundStation2 EX Conference phone,40.40
TEC-PH-10001580,Technology,Phones,Logitech Mobile Speakerphone P710e - speaker phone,49.40
TEC-PH-10001615,Technology,Phones,AT&T CL82213,11.40
TEC-PH-10001619,Technology,Phones,LG G3,4.40
TEC-PH-10001644,Technology,Phones,"BlueLounge Milo Smartphone Stand, White/Metallic",47.40
TEC-PH-10001700,Technology,Phones,Panasonic KX-TG6844B Expandable Digital Cordless Telephone,57.40
TEC-PH-10001750,Technology,Phones,Samsung Rugby III,16.40
TEC-PH-10001760,Technology,Phones,Bose SoundLink Bluetooth Speaker,31.40
TEC-PH-10001795,Technology,Phones,ClearOne CHATAttach 160 - speaker phone,38.40
TEC-PH-10001809,Technology,Phones,Panasonic KX T7736-B Digital phone,33.40
TEC-PH-10001817,Technology,Phones,Wilson Electronics DB Pro Signal Booster,39.40
TEC-PH-10001819,Technology,Phones,Innergie mMini Combo Duo USB Travel Charging Kit,47.40
TEC-PH-10001835,Technology,Phones,Jawbone JAMBOX Wireless Bluetooth Speaker,40.40
TEC-PH-10001870,Technology,Phones,Lunatik TT5L-002 Taktik Strike Impact Protection System for iPhone 5,67.40
TEC-PH-10001918,Technology,Phones,Nortel Business Series Terminal T7208 Digital phone,50.40
TEC-PH-10001924,Technology,Phones,iHome FM Clock Radio with Lightning Dock,39.40
TEC-PH-10001944,Technology,Phones,Wi-Ex zBoost YX540 Cellular Phone Signal Booster,47.40
TEC-PH-10001949,Technology,Phones,Cisco SPA 501G IP Phone,22.40
TEC-PH-10002033,Technology,Phones,Konftel 250 Conference phone - Charcoal black,44.40
TEC-PH-10002070,Technology,Phones,Griffin GC36547 PowerJolt SE Lightning Charger,45.40
TEC-PH-10002075,Technology,Phones,AT&T EL51110 DECT,16.40
TEC-PH-10002085,Technology,Phones,Clarity 53712,12.40
TEC-PH-10002103,Technology,Phones,Jabra SPEAK 410,14.40
TEC-PH-10002114,Technology,Phones,Xiaomi Mi3,9.40
TEC-PH-10002115,Technology,Phones,Plantronics 81402,16.40
TEC-PH-10002170,Technology,Phones,ClearSounds CSC500 Amplified Spirit Phone Corded phone,53.40
TEC-PH-10002185,Technology,Phones,QVS USB Car Charger 2-Port 2.1Amp for iPod/iPhone/iPad/iPad 2/iPad 3,67.40
TEC-PH-10002200,Technology,Phones,Samsung Galaxy Note 2,20.40
TEC-PH-10002262,Technology,Phones,LG Electronics Tone+ HBS-730 Bluetooth Headset,45.40
TEC-PH-10002275,Technology,Phones,Mitel 5320 IP Phone VoIP phone,29.40
TEC-PH-10002293,Technology,Phones,Anker 36W 4-Port USB Wall Charger Travel Power Adapter for iPhone 5s 5c 5,72.40
TEC-PH-10002310,Technology,Phones,Panasonic KX T7731-B Digital phone,33.40
TEC-PH-10002350,Technology,Phones,Apple EarPods with Remote and Mic,32.40
TEC-PH-10002352,Technology,Phones,Avaya IP Phone 1140E VoIP phone,30.40
TEC-PH-10002365,Technology,Phones,Belkin Grip Candy Sheer Case / Cover for iPhone 5 and 5S,55.40
TEC-PH-10002398,Technology,Phones,AT&T 1070 Corded Phone,21.40
TEC-PH-10002415,Technology,Phones,Polycom VoiceStation 500 Conference phone,40.40
TEC-PH-10002447,Technology,Phones,AT&T CL83451 4-Handset Telephone,31.40
TEC-PH-10002468,Technology,Phones,"Plantronics CS 50-USB - headset - Convertible, Monaural",54.40
TEC-PH-10002483,Technology,Phones,Motorola Moto X,14.40
TEC-PH-10002496,Technology,Phones,Cisco SPA301,11.40
TEC-PH-10002538,Technology,Phones,Grandstream GXP1160 VoIP phone,29.40
TEC-PH-10002549,Technology,Phones,Polycom SoundPoint IP 450 VoIP phone,35.40
TEC-PH-10002555,Technology,Phones,Nortel Meridian M5316 Digital phone,34.40
TEC-PH-10002563,Technology,Phones,Adtran 1202752G1,15.40
TEC-PH-10002564,Technology,Phones,OtterBox Defender Series Case - Samsung Galaxy S4,48.40
TEC-PH-10002583,Technology,Phones,iOttie HLCRIO102 Car Mount,25.40
TEC-PH-10002584,Technology,Phones,Samsung Galaxy S4,16.40
TEC-PH-10002597,Technology,Phones,Xblue XB-1670-86 X16 Small Office Telephone - Titanium,53.40
TEC-PH-10002624,Technology,Phones,Samsung Galaxy S4 Mini,21.40
TEC-PH-10002645,Technology,Phones,LG G2,4.40
TEC-PH-10002660,Technology,Phones,Nortel Networks T7316 E Nt8 B27,30.40
TEC-PH-10002680,Technology,Phones,Samsung Galaxy Note 3,20.40
TEC-PH-10002726,Technology,Phones,netTALK DUO VoIP Telephone Service,33.40
TEC-PH-10002789,Technology,Phones,LG Exalt,7.40
TEC-PH-10002807,Technology,Phones,Motorla HX550 Universal Bluetooth Headset,40.40
TEC-PH-10002817,Technology,Phones,RCA ViSYS 25425RE1 Corded phone,30.40
TEC-PH-10002824,Technology,Phones,Jabra SPEAK 410 Multidevice Speakerphone,39.40
TEC-PH-10002834,Technology,Phones,Google Nexus 5,13.40
TEC-PH-10002844,Technology,Phones,Speck Products Candyshell Flip Case,34.40
TEC-PH-10002885,Technology,Phones,Apple iPhone 5,13.40
TEC-PH-10002890,Technology,Phones,AT&T 17929 Lendline Telephone,28.40
TEC-PH-10002922,Technology,Phones,ShoreTel ShorePhone IP 230 VoIP phone,36.40
TEC-PH-10002923,Technology,Phones,"Logitech B530 USB Headset - headset - Full size, Binaural",56.40
TEC-PH-10003012,Technology,Phones,Nortel Meridian M3904 Professional Digital phone,47.40
TEC-PH-10003072,Technology,Phones,Panasonic KX-TG9541B DECT 6.0 Digital 2-Line Expandable Cordless Phone With Digital Answering System,99.40
TEC-PH-10003092,Technology,Phones,Motorola L804,12.40
TEC-PH-10003095,Technology,Phones,Samsung HM1900 Bluetooth Headset,31.40
TEC-PH-10003171,Technology,Phones,Plantronics Encore H101 Dual Earpieces Headset,45.40
TEC-PH-10003174,Technology,Phones,RCA ViSYS 25825 Wireless digital phone,37.40
TEC-PH-10003187,Technology,Phones,Anker Astro Mini 3000mAh Ultra-Compact Portable Charger,54.40
TEC-PH-10003215,Technology,Phones,Jackery Bar Premium Fast-charging Portable Charger,49.40
TEC-PH-10003273,Technology,Phones,AT&T TR1909W,11.40
TEC-PH-10003356,Technology,Phones,"SmartStand Mobile Device Holder, Assorted Colors",47.40
TEC-PH-10003357,Technology,Phones,Grandstream GXP2100 Mainstream Business Phone,44.40
TEC-PH-10003437,Technology,Phones,Blue Parrot B250XT Professional Grade Wireless Bluetooth Headset with,68.40
TEC-PH-10003442,Technology,Phones,Samsung Replacement EH64AVFWE Premium Headset,44.40
TEC-PH-10003484,Technology,Phones,Ooma Telo VoIP Home Phone System,31.40
TEC-PH-10003505,Technology,Phones,Geemarc AmpliPOWER60,19.40
TEC-PH-10003535,Technology,Phones,RCA ViSYS 25423RE1 Corded phone,30.40
TEC-PH-10003555,Technology,Phones,Motorola HK250 Universal Bluetooth Headset,41.40
TEC-PH-10003580,Technology,Phones,Cisco IP Phone 7961G-GE VoIP phone,33.40
TEC-PH-10003589,Technology,Phones,invisibleSHIELD by ZAGG Smudge-Free Screen Protector,51.40
TEC-PH-10003601,Technology,Phones,Ativa D5772 2-Line 5.8GHz Digital Expandable Corded/Cordless Phone System with Answering & Caller ID,126.40
TEC-PH-10003645,Technology,Phones,Aastra 57i VoIP phone,20.40
TEC-PH-10003655,Technology,Phones,Sannysis Cute Owl Design Soft Skin Case Cover for Samsung Galaxy S4,66.40
TEC-PH-10003691,Technology,Phones,BlackBerry Q10,13.40
TEC-PH-10003800,Technology,Phones,i.Sound Portable Power - 8000 mAh,32.40
TEC-PH-10003811,Technology,Phones,Jabra Supreme Plus Driver Edition Headset,40.40
TEC-PH-10003875,Technology,Phones,KLD Oscar II Style Snap-on Ultra Thin Side Flip Synthetic Leather Cover Case for HTC One HTC M7,94.40
TEC-PH-10003885,Technology,Phones,Cisco SPA508G,12.40
TEC-PH-10003931,Technology,Phones,JBL Micro Wireless Portable Bluetooth Speaker,44.40
TEC-PH-10003963,Technology,Phones,GE 2-Jack Phone Line Splitter,28.40
TEC-PH-10003988,Technology,Phones,"LF Elite 3D Dazzle Designer Hard Case Cover, Lf Stylus Pen and Wiper For Apple Iphone 5c Mini Lite",97.40
TEC-PH-10004006,Technology,Phones,Panasonic KX - TS880B Telephone,30.40
TEC-PH-10004042,Technology,Phones,ClearOne Communications CHAT 70 OC Speaker Phone,47.40
TEC-PH-10004071,Technology,Phones,PayAnywhere Card Reader,22.40
TEC-PH-10004080,Technology,Phones,Avaya 5410 Digital phone,23.40
TEC-PH-10004093,Technology,Phones,Panasonic Kx-TS550,17.40
TEC-PH-10004094,Technology,Phones,Motorola L703CM,14.40
TEC-PH-10004100,Technology,Phones,Griffin GC17055 Auxiliary Audio Cable,36.40
TEC-PH-10004120,Technology,Phones,AT&T 1080 Phone,14.40
TEC-PH-10004165,Technology,Phones,Mitel MiVoice 5330e IP Phone,27.40
TEC-PH-10004188,Technology,Phones,OtterBox Commuter Series Case - Samsung Galaxy S4,48.40
TEC-PH-10004241,Technology,Phones,Nokia Lumia 1020,15.40
TEC-PH-10004345,Technology,Phones,Cisco SPA 502G IP Phone,22.40
TEC-PH-10004348,Technology,Phones,OtterBox Defender Series Case - iPhone 5c,40.40
TEC-PH-10004389,Technology,Phones,Nokia Lumia 925,14.40
TEC-PH-10004434,Technology,Phones,Cisco IP Phone 7961G VoIP phone - Dark gray,42.40
TEC-PH-10004447,Technology,Phones,Toshiba IPT2010-SD IP Telephone,30.40
TEC-PH-10004522,Technology,Phones,Dexim XPower Skin Super-Thin Power Case for iPhone 5 - Black,59.40
TEC-PH-10004531,Technology,Phones,OtterBox Commuter Series Case - iPhone 5 & 5s,44.40
TEC-PH-10004536,Technology,Phones,Avaya 5420 Digital phone,23.40
TEC-PH-10004539,Technology,Phones,Wireless Extenders zBoost YX545 SOHO Signal Booster,50.40
TEC-PH-10004586,Technology,Phones,Wilson SignalBoost 841262 DB PRO Amplifier Kit,45.40
TEC-PH-10004614,Technology,Phones,AT&T 841000 Phone,16.40
TEC-PH-10004667,Technology,Phones,Cisco 8x8 Inc. 6753i IP Business Phone System,44.40
TEC-PH-10004700,Technology,Phones,PowerGen Dual USB Car Charger,28.40
TEC-PH-10004774,Technology,Phones,Gear Head AU3700S Headset,24.40
TEC-PH-10004830,Technology,Phones,Pyle PRT45 Retro Home Telephone,30.40
TEC-PH-10004833,Technology,Phones,Macally Suction Cup Mount,24.40
TEC-PH-10004875,Technology,Phones,PNY Rapid USB Car Charger - Black,32.40
TEC-PH-10004896,Technology,Phones,Nokia Lumia 521 (T-Mobile),25.40
TEC-PH-10004897,Technology,Phones,Mediabridge Sport Armband iPhone 5s,34.40
TEC-PH-10004908,Technology,Phones,Panasonic KX TS3282W Corded phone,32.40
TEC-PH-10004912,Technology,Phones,Cisco SPA112 2 Port Phone Adapter,32.40
TEC-PH-10004922,Technology,Phones,RCA Visys Integrated PBX 8-Line Router,37.40
TEC-PH-10004924,Technology,Phones,"SKILCRAFT Telephone Shoulder Rest, 2 x 6.5 x 2.5, Black",54.40
TEC-PH-10004959,Technology,Phones,Classic Ivory Antique Telephone ZL1810,37.40
TEC-PH-10004977,Technology,Phones,GE 30524EE4,10.40
